unit_id,latitude,longitude,timestamp,distance_by_interval,dist_diff,cluster_number,flag,rank,alert_info
1410765,18.52883075130746,73.77845791462286,2017-03-25T01:01:00.000Z,1.137122874026013,nan.0,0,nan.0,1,"[ ""cluster 1 is left behind of your cluster 0"" ]"
1410947,18.57038913416455,73.76547410706044,2017-03-25T01:01:00.000Z,0.0,1.137122874026013,1,0.0,2,"[ ""cluster 0 is move ahead of your cluster 1"" ]"
1410765,18.52439605422732,73.77165117026729,2017-03-25T01:02:00.000Z,2.007861942583508,nan.0,0,nan.0,1,"[ ""cluster 1 is left behind of your cluster 0"" ]"
1410947,18.5584693101264,73.76979421248477,2017-03-25T01:02:00.000Z,1.401469920048597,0.6063920225349111,1,0.0,2,"[ ""cluster 0 is move ahead of your cluster 1"" ]"
1410765,18.51545733211527,73.76918401191753,2017-03-25T01:03:00.000Z,3.035278449291195,nan.0,0,nan.0,1,"[ ""cluster 1 is left behind of your cluster 0"" ]"
1410947,18.54867115059572,73.7733660343966,2017-03-25T01:03:00.000Z,2.554203432854195,0.4810750164369999,1,0.0,2,"[ ""cluster 0 is move ahead of your cluster 1"" ]"
1410765,18.50901613514176,73.77583605753775,2017-03-25T01:04:00.000Z,4.037747924165604,nan.0,0,nan.0,1,"[ ""cluster 1 is left behind of your cluster 0"" ]"
1410947,18.54106742127394,73.77922281392544,2017-03-25T01:04:00.000Z,3.601142461255272,0.4366054629103315,1,0.0,2,"[ ""cluster 0 is move ahead of your cluster 1"" ]"
1410765,18.50737403671389,73.78362599830022,2017-03-25T01:05:00.000Z,4.879198374778403,nan.0,0,nan.0,1,"[ ""cluster 1 is left behind of your cluster 0"" ]"
1410947,18.53355250048542,73.78026788982649,2017-03-25T01:05:00.000Z,4.443995794174349,0.435202580604054,1,0.0,2,"[ ""cluster 0 is move ahead of your cluster 1"" ]"
1410765,18.50363433802629,73.79273603493772,2017-03-25T01:06:00.000Z,5.925952098565363,nan.0,1,nan.0,1,"[ ""unit_id 1410591 is left behind of your cluster 1"" ]"
1410947,18.52497245025608,73.77211240168195,2017-03-25T01:06:00.000Z,5.728343963472277,0.1976081350930858,1,0.0,2,"[ ""unit_id 1410591 is left behind of your cluster 1"" ]"
1410591,18.45778736245023,73.79235788247354,2017-03-25T01:06:00.000Z,0.0,5.728343963472277,"outlier",1.0,3,"[ ""You are outside the cluster"" ]"
1410947,18.51446897908384,73.76949570122135,2017-03-25T01:07:00.000Z,6.928421233157984,nan.0,0,nan.0,1,"[ ""cluster 1 is left behind of your cluster 0"" ]"
1410765,18.49592060071492,73.78798792967892,2017-03-25T01:07:00.000Z,6.919119313969252,0.009301919188732022,1,0.0,2,"[ ""cluster 0 is move ahead of your cluster 1"" ]"
1410765,18.48815415124189,73.79469956296015,2017-03-25T01:08:00.000Z,8.035685766226116,nan.0,0,nan.0,1,"[ ""cluster 1 is left behind of your cluster 0"" ]"
1410947,18.50881731861892,73.77665767970996,2017-03-25T01:08:00.000Z,7.910874431871034,0.1248113343550825,1,0.0,2,"[ ""cluster 0 is move ahead of your cluster 1"" ]"
1410947,18.50737747446357,73.78975951667785,2017-03-25T01:09:00.000Z,9.301628075649194,nan.0,1,nan.0,1,"[ ""unit_id 1410591 is left behind of your cluster 1"" ]"
1410765,18.48698417043599,73.79646943108428,2017-03-25T01:09:00.000Z,8.263196034343345,1.03843204130585,1,0.0,2,"[ ""unit_id 1410591 is left behind of your cluster 1"" ]"
1410591,18.45754270926505,73.79192759080593,2017-03-25T01:09:00.000Z,0.05291373170413869,8.210282302639206,"outlier",1.0,3,"[ ""You are outside the cluster"" ]"
1410947,18.50171263595823,73.79210406195588,2017-03-25T01:10:00.000Z,9.978307322445914,nan.0,0,nan.0,1,"[ ""cluster 1 is left behind of your cluster 0"" ]"
1410765,18.48698073268632,73.79646771220942,2017-03-25T01:10:00.000Z,8.263616307425973,1.714691015019941,1,0.0,2,"[ ""cluster 0 is move ahead of your cluster 1"" ]"
1410947,18.49404244347608,73.78815752532952,2017-03-25T01:11:00.000Z,10.9273103245027,nan.0,1,nan.0,1,"[ ""cluster 2 is left behind of your cluster 1"" ]"
1410765,18.48697901381148,73.79646771220942,2017-03-25T01:11:00.000Z,8.263806178021905,2.66350414648079,1,0.0,2,"[ ""cluster 2 is left behind of your cluster 1"" ]"
1410591,18.45754270926505,73.79192071530659,2017-03-25T01:11:00.000Z,0.05363975160807621,8.21016642641383,2,1.0,3,"[ ""cluster 1 is move ahead of your cluster 2"" ]"
1410670,18.60635945492569,73.76050770469732,2017-03-25T01:11:00.000Z,0.0,0.05363975160807621,2,0.0,4,"[ ""cluster 1 is move ahead of your cluster 2"" ]"
1410671,18.55675444599709,73.71481084419037,2017-03-25T01:11:00.000Z,0.0,0.0,2,0.0,4,"[ ""cluster 1 is move ahead of your cluster 2"" ]"
1410947,18.4871675170853,73.79615430403076,2017-03-25T01:12:00.000Z,12.06552994658395,nan.0,1,nan.0,1,"[ ""cluster 2 is left behind of your cluster 1"" ]"
1410765,18.48659398584793,73.79693753799828,2017-03-25T01:12:00.000Z,8.329287597052534,3.736242349531416,1,0.0,2,"[ ""cluster 2 is left behind of your cluster 1"" ]"
1410591,18.45756906534589,73.7918874837264,2017-03-25T01:12:00.000Z,0.05820863663074812,8.271078960421786,2,1.0,3,"[ ""cluster 1 is move ahead of your cluster 2"" ]"
1410670,18.60636289267537,73.76055067656823,2017-03-25T01:12:00.000Z,0.004544154262944258,0.05366448236780386,2,0.0,4,"[ ""cluster 1 is move ahead of your cluster 2"" ]"
1410947,18.48763275920792,73.79557275137748,2017-03-25T01:13:00.000Z,12.14576367234364,nan.0,1,nan.0,1,"[ ""unit_id 1410591 is left behind of your cluster 1"" ]"
1410765,18.48660258022212,73.79696446703738,2017-03-25T01:13:00.000Z,8.332283646140361,3.813480026203282,1,0.0,2,"[ ""unit_id 1410591 is left behind of your cluster 1"" ]"
1410591,18.4578509608192,73.7913557784434,2017-03-25T01:13:00.000Z,0.1224555134578678,8.209828132682492,"outlier",1.0,3,"[ ""You are outside the cluster"" ]"
1410947,18.48763104033308,73.79556931362782,2017-03-25T01:14:00.000Z,12.14617080159194,nan.0,1,nan.0,1,"[ ""unit_id 1410591 is left behind of your cluster 1"" ]"
1410765,18.48445914330005,73.80001776170666,2017-03-25T01:14:00.000Z,8.73288989876184,3.413280902830101,1,0.0,2,"[ ""unit_id 1410591 is left behind of your cluster 1"" ]"
1410591,18.4601141460216,73.79036284174575,2017-03-25T01:14:00.000Z,0.3950325780322251,8.337857320729615,"outlier",1.0,3,"[ ""You are outside the cluster"" ]"
1410765,18.47688921851674,73.80749429429048,2017-03-25T01:15:00.000Z,9.886242634224109,nan.0,0,nan.0,2,"[ ""unit_id 1410591 is left behind of your cluster 0"" ]"
1410591,18.46020410047142,73.79074099420994,2017-03-25T01:15:00.000Z,0.4361526578105394,9.450089976413569,"outlier",1.0,3,"[ ""You are outside the cluster"" ]"
1410947,18.48765739641392,73.79563577678819,2017-03-25T01:16:00.000Z,12.15376779192482,nan.0,1,nan.0,1,"[ ""cluster 2 is left behind of your cluster 1"" ]"
1410765,18.47099748853288,73.81279243949719,2017-03-25T01:16:00.000Z,10.74729867873099,1.406469113193832,1,0.0,2,"[ ""cluster 2 is left behind of your cluster 1"" ]"
1410591,18.46020753822109,73.7907392753351,2017-03-25T01:16:00.000Z,0.4365729429410924,10.3107257357899,2,1.0,3,"[ ""cluster 1 is move ahead of your cluster 2"" ]"
1410656,18.49770078208805,73.85017452945802,2017-03-25T01:16:00.000Z,0.0,0.4365729429410924,2,0.0,5,"[ ""cluster 1 is move ahead of your cluster 2"" ]"
1410947,18.48765739641392,73.79563291199679,2017-03-25T01:17:00.000Z,12.15406640714267,nan.0,1,nan.0,1,"[ ""cluster 2 is left behind of your cluster 1"" ]"
1410765,18.46625396694031,73.81706957305059,2017-03-25T01:17:00.000Z,11.44134588535864,0.7127205217840231,1,0.0,2,"[ ""cluster 2 is left behind of your cluster 1"" ]"
1410591,18.46021441372044,73.79073755646027,2017-03-25T01:17:00.000Z,0.4373592395888086,11.00398664576984,2,1.0,3,"[ ""cluster 1 is move ahead of your cluster 2"" ]"
1412129,18.49815399208681,73.85013442237849,2017-03-25T01:17:00.000Z,0.0,0.4373592395888086,2,0.0,5,"[ ""cluster 1 is move ahead of your cluster 2"" ]"
1410765,18.46109275876228,73.82212936761323,2017-03-25T01:18:00.000Z,12.22502744172783,nan.0,"outlier",nan.0,1,"[ ""You are outside the cluster"" ]"
1410591,18.46022071626151,73.7907392753351,2017-03-25T01:18:00.000Z,0.4380797412174816,11.78694770051035,1,1.0,3,"[ ""unit_id 1410765 is move ahead of your cluster 1"" ]"
1412129,18.49815399208681,73.85013442237849,2017-03-25T01:18:00.000Z,0.0,0.4380797412174816,1,0.0,5,"[ ""unit_id 1410765 is move ahead of your cluster 1"" ]"
1410765,18.45577398705751,73.82671761751216,2017-03-25T01:19:00.000Z,12.98921238460442,nan.0,0,nan.0,1,"[ ""unit_id 1410591 is left behind of your cluster 0"" ]"
1410591,18.46020410047142,73.79183935523096,2017-03-25T01:19:00.000Z,0.5541234753193299,12.43508890928509,"outlier",1.0,3,"[ ""You are outside the cluster"" ]"
1410765,18.45421725941323,73.8280262542216,2017-03-25T01:20:00.000Z,13.21060811198634,nan.0,0,nan.0,1,"[ ""unit_id 1410591 is left behind of your cluster 0"" ]"
1410591,18.46093233044414,73.79720453655634,2017-03-25T01:20:00.000Z,1.125769715952908,12.08483839603344,"outlier",1.0,3,"[ ""You are outside the cluster"" ]"
1410765,18.45422929153709,73.82799760630763,2017-03-25T01:21:00.000Z,13.21391340490886,nan.0,0,nan.0,1,"[ ""unit_id 1410591 is left behind of your cluster 0"" ]"
1410591,18.4584594425116,73.80051910020086,2017-03-25T01:21:00.000Z,1.570549768988703,11.64336363592016,"outlier",1.0,3,"[ ""You are outside the cluster"" ]"
1410765,18.45424762620202,73.82798786601688,2017-03-25T01:22:00.000Z,13.2161957523981,nan.0,1,nan.0,1,"[ ""unit_id 1410591 is left behind of your cluster 1"" ]"
1410947,18.48684780636557,73.79675934797348,2017-03-25T01:22:00.000Z,12.30311373680042,0.9130820155976824,1,0.0,2,"[ ""unit_id 1410591 is left behind of your cluster 1"" ]"
1410591,18.45738056207207,73.8043126569667,2017-03-25T01:22:00.000Z,1.988271165307834,10.31484257149258,"outlier",1.0,3,"[ ""You are outside the cluster"" ]"
1410765,18.45684427312285,73.82600944107919,2017-03-25T01:23:00.000Z,13.57244457520548,nan.0,1,nan.0,1,"[ ""unit_id 1410591 is left behind of your cluster 1"" ]"
1410947,18.48414745399623,73.80067265301966,2017-03-25T01:23:00.000Z,12.81347722611514,0.7589673490903355,1,0.0,2,"[ ""unit_id 1410591 is left behind of your cluster 1"" ]"
1410591,18.45895562438129,73.80940453719296,2017-03-25T01:23:00.000Z,2.553170213104289,10.26030701301086,"outlier",1.0,3,"[ ""You are outside the cluster"" ]"
1410765,18.46035765329021,73.82361275659777,2017-03-25T01:24:00.000Z,14.03776716535809,nan.0,1,nan.0,1,"[ ""cluster 2 is left behind of your cluster 1"" ]"
1410947,18.4804959908836,73.80453267294587,2017-03-25T01:24:00.000Z,13.38842662913812,0.6493405362199685,1,0.0,2,"[ ""cluster 2 is left behind of your cluster 1"" ]"
1410591,18.4618977651444,73.81415608020143,2017-03-25T01:24:00.000Z,3.151659381569216,10.2367672475689,2,1.0,3,"[ ""cluster 1 is move ahead of your cluster 2"" ]"
1412130,18.49101435897109,73.81862744661143,2017-03-25T01:24:00.000Z,0.0,3.151659381569216,2,0.0,5,"[ ""cluster 1 is move ahead of your cluster 2"" ]"
1410765,18.46299440729058,73.82012745138609,2017-03-25T01:25:00.000Z,14.50797429842994,nan.0,1,nan.0,1,"[ ""cluster 2 is left behind of your cluster 1"" ]"
1410947,18.4803178008588,73.80475440779988,2017-03-25T01:25:00.000Z,13.41907645111408,1.088897847315859,1,0.0,2,"[ ""cluster 2 is left behind of your cluster 1"" ]"
1410591,18.46560423225182,73.81642098427866,2017-03-25T01:25:00.000Z,3.628025010615644,9.791051440498439,2,1.0,3,"[ ""cluster 1 is move ahead of your cluster 2"" ]"
1412130,18.49101435897109,73.81862744661143,2017-03-25T01:25:00.000Z,0.0,3.628025010615644,2,0.0,5,"[ ""cluster 1 is move ahead of your cluster 2"" ]"
1410765,18.46299899095681,73.82013432688544,2017-03-25T01:26:00.000Z,14.50886223987834,nan.0,1,nan.0,1,"[ ""unit_id 1410591 is left behind of your cluster 1"" ]"
1410947,18.48032238452504,73.80475784554955,2017-03-25T01:26:00.000Z,13.41970181745593,1.089160422422415,1,0.0,2,"[ ""unit_id 1410591 is left behind of your cluster 1"" ]"
1410591,18.46454769718518,73.81875407039111,2017-03-25T01:26:00.000Z,3.900702307992559,9.518999509463367,"outlier",1.0,3,"[ ""You are outside the cluster"" ]"
1410947,18.47725419294052,73.8071591136972,2017-03-25T01:27:00.000Z,13.84458618930353,nan.0,0,nan.0,2,"[ ""unit_id 1410591 is left behind of your cluster 0"" ]"
1410591,18.4630677459503,73.82013604576026,2017-03-25T01:27:00.000Z,4.120535221805367,9.724050967498158,"outlier",1.0,3,"[ ""You are outside the cluster"" ]"
1410947,18.47096769470236,73.81282280628599,2017-03-25T01:28:00.000Z,14.7640584112288,,0,,1,"[]"
1410947,18.46384754216814,73.81921931251374,2017-03-25T01:29:00.000Z,15.80422984857427,,0,,1,"[]"
1410947,18.46297263487597,73.82011255447082,2017-03-25T01:30:00.000Z,15.93965584957785,nan.0,0,nan.0,1,"[ ""unit_id 1410591 is left behind of your cluster 0"" ]"
1410591,18.46306087045095,73.82013776463511,2017-03-25T01:30:00.000Z,4.12132151776725,11.8183343318106,"outlier",1.0,3,"[ ""You are outside the cluster"" ]"
1411607,18.51750565796301,73.87107432860431,2017-03-25T01:31:00.000Z,0.0,,0,,5,"[]"
1410591,18.46305743270128,73.82013604576026,2017-03-25T01:33:00.000Z,4.121741801614698,,0,,3,"[]"
1410591,18.46305743270128,73.82013948350995,2017-03-25T01:35:00.000Z,4.12210199678556,,0,,3,"[]"
1410947,18.46301274195551,73.82010453305492,2017-03-25T01:38:00.000Z,15.94419508149084,nan.0,1,nan.0,1,"[ ""unit_id 1410591 is left behind of your cluster 1"" ]"
1410765,18.46300070983165,73.82015781817488,2017-03-25T01:38:00.000Z,14.51134707493529,1.432848006555551,1,0.0,2,"[ ""unit_id 1410591 is left behind of your cluster 1"" ]"
1410591,18.46305055720193,73.82013776463511,2017-03-25T01:38:00.000Z,4.122888292749921,10.38845878218537,"outlier",1.0,3,"[ ""You are outside the cluster"" ]"
1410947,18.45902266049994,73.82447448584954,2017-03-25T01:39:00.000Z,16.58395132359776,nan.0,1,nan.0,1,"[ ""unit_id 1410591 is left behind of your cluster 1"" ]"
1410765,18.45732441216072,73.8255957652017,2017-03-25T01:39:00.000Z,15.36419609963169,1.219755223966068,1,0.0,2,"[ ""unit_id 1410591 is left behind of your cluster 1"" ]"
1410591,18.46032098396035,73.82330278616878,2017-03-25T01:39:00.000Z,4.574062841842513,10.79013325778918,"outlier",1.0,3,"[ ""You are outside the cluster"" ]"
1410947,18.45084769177391,73.83094089298731,2017-03-25T01:40:00.000Z,17.72039577087125,nan.0,1,nan.0,1,"[ ""unit_id 1410591 is left behind of your cluster 1"" ]"
1410765,18.44926059734084,73.8330808921597,2017-03-25T01:40:00.000Z,16.55890139818746,1.161494372683798,1,0.0,2,"[ ""unit_id 1410591 is left behind of your cluster 1"" ]"
1410591,18.45336928116017,73.82867255116039,2017-03-25T01:40:00.000Z,5.532344406150681,11.02655699203677,"outlier",1.0,3,"[ ""You are outside the cluster"" ]"
1410947,18.44263089709351,73.83813782193094,2017-03-25T01:41:00.000Z,18.90828615666535,nan.0,1,nan.0,1,"[ ""unit_id 1410591 is left behind of your cluster 1"", ""unit_id 1410671 is left behind of your cluster 1"" ]"
1410765,18.44134231392384,73.83921097278767,2017-03-25T01:41:00.000Z,17.65130447050991,1.256981686155438,1,0.0,2,"[ ""unit_id 1410591 is left behind of your cluster 1"", ""unit_id 1410671 is left behind of your cluster 1"" ]"
1410591,18.44697220197416,73.83495790348199,2017-03-25T01:41:00.000Z,6.504721063497911,11.146583407012,"outlier",1.0,3,"[ ""You are outside the cluster"" ]"
1410671,18.55580906483659,73.71650909252958,2017-03-25T01:41:00.000Z,0.2076016487409554,6.297119414756955,"outlier",1.0,4,"[ ""unit_id 1410591 is move ahead of your cluster outlier"", ""You are outside the cluster"" ]"
1410947,18.43173552245837,73.83921097278767,2017-03-25T01:42:00.000Z,20.12507394877982,nan.0,1,nan.0,1,"[ ""unit_id 1410591 is left behind of your cluster 1"", ""unit_id 1410670 is left behind of your cluster 1"" ]"
1410765,18.43154415439316,73.83955933142136,2017-03-25T01:42:00.000Z,18.7414296499592,1.383644298820624,1,0.0,2,"[ ""unit_id 1410591 is left behind of your cluster 1"", ""unit_id 1410670 is left behind of your cluster 1"" ]"
1410591,18.44051095146089,73.83966418278642,2017-03-25T01:42:00.000Z,7.378007509559014,11.36342214040019,"outlier",1.0,3,"[ ""You are outside the cluster"" ]"
1410670,18.60648607870537,73.76049108890722,2017-03-25T01:42:00.000Z,0.01961260772768016,7.358394901831334,"outlier",1.0,5,"[ ""unit_id 1410591 is move ahead of your cluster outlier"", ""You are outside the cluster"" ]"
1410947,18.42521583020063,73.84341591359788,2017-03-25T01:43:00.000Z,20.9749768567398,nan.0,1,nan.0,1,"[ ""unit_id 1410591 is left behind of your cluster 1"" ]"
1410765,18.42424065520962,73.8440925773255,2017-03-25T01:43:00.000Z,19.68388720771325,1.291089649026549,1,0.0,2,"[ ""unit_id 1410591 is left behind of your cluster 1"" ]"
1410591,18.43188219977782,73.83901788584761,2017-03-25T01:43:00.000Z,8.339900055796212,11.34398715191704,"outlier",1.0,3,"[ ""You are outside the cluster"" ]"
1410947,18.41595739736885,73.8475091275437,2017-03-25T01:44:00.000Z,22.09136537958248,nan.0,1,nan.0,1,"[ ""unit_id 1410591 is left behind of your cluster 1"" ]"
1410765,18.41597573203378,73.84755095349809,2017-03-25T01:44:00.000Z,20.67267925648922,1.418686123093263,1,0.0,2,"[ ""unit_id 1410591 is left behind of your cluster 1"" ]"
1410591,18.42510410333621,73.84347435534235,2017-03-25T01:44:00.000Z,9.228194021993984,11.44448523449524,"outlier",1.0,3,"[ ""You are outside the cluster"" ]"
1410947,18.40648582405725,73.84753261883314,2017-03-25T01:45:00.000Z,23.14455919714526,nan.0,1,nan.0,1,"[ ""unit_id 1410591 is left behind of your cluster 1"" ]"
1410765,18.40748391737942,73.84742948634292,2017-03-25T01:45:00.000Z,21.6170129246912,1.527546272454057,1,0.0,2,"[ ""unit_id 1410591 is left behind of your cluster 1"" ]"
1410591,18.41897058495858,73.84702268596475,2017-03-25T01:45:00.000Z,10.00618778134299,11.6108251433482,"outlier",1.0,3,"[ ""You are outside the cluster"" ]"
1410765,18.40615580008849,73.84759621720212,2017-03-25T01:46:00.000Z,21.76573683437497,nan.0,"outlier",nan.0,2,"[ ""You are outside the cluster"" ]"
1410591,18.40996597264443,73.84729770593871,2017-03-25T01:46:00.000Z,11.00787529985195,10.75786153452301,"outlier",1.0,3,"[ ""unit_id 1410765 is move ahead of your cluster outlier"", ""You are outside the cluster"" ]"
1410656,18.49738737390939,73.85005592709425,2017-03-25T01:46:00.000Z,0.03702568290798551,10.97084961694397,"outlier",1.0,5,"[ ""unit_id 1410765 is move ahead of your cluster outlier"", ""unit_id 1410591 is left behind of your cluster outlier"", ""You are outside the cluster"" ]"
1410947,18.38658239935829,73.85624788721634,2017-03-25T01:47:00.000Z,25.54115723995527,nan.0,1,nan.0,1,"[ ""unit_id 1410591 is left behind of your cluster 1"", ""unit_id 1412129 is left behind of your cluster 1"" ]"
1410765,18.38976403668206,73.85678131137418,2017-03-25T01:47:00.000Z,23.83004876258251,1.711108477372761,1,0.0,2,"[ ""unit_id 1410591 is left behind of your cluster 1"", ""unit_id 1412129 is left behind of your cluster 1"" ]"
1410591,18.40796921304181,73.84741458942766,2017-03-25T01:47:00.000Z,11.23024702289061,12.5998017396919,"outlier",1.0,3,"[ ""You are outside the cluster"" ]"
1412129,18.49803768155616,73.84993445993908,2017-03-25T01:47:00.000Z,0.02473629744344566,11.20551072544716,"outlier",1.0,6,"[ ""unit_id 1410591 is move ahead of your cluster outlier"", ""You are outside the cluster"" ]"
1410947,18.37327257853507,73.85551278174428,2017-03-25T01:48:00.000Z,27.02317323093344,nan.0,1,nan.0,1,"[ ""unit_id 1410591 is left behind of your cluster 1"" ]"
1410765,18.37842404642236,73.85535120750959,2017-03-25T01:48:00.000Z,25.09999581455862,1.92317741637482,1,0.0,2,"[ ""unit_id 1410591 is left behind of your cluster 1"" ]"
1410591,18.39334731775948,73.85438577280931,2017-03-25T01:48:00.000Z,13.014760756915,12.08523505764363,"outlier",1.0,3,"[ ""You are outside the cluster"" ]"
1410947,18.36500249873471,73.85384088948589,2017-03-25T01:49:00.000Z,27.95953648679529,nan.0,1,nan.0,1,"[ ""unit_id 1410591 is left behind of your cluster 1"" ]"
1410765,18.36717916723697,73.85387412106608,2017-03-25T01:49:00.000Z,26.36004743807263,1.59948904872266,1,0.0,2,"[ ""unit_id 1410591 is left behind of your cluster 1"" ]"
1410591,18.38463090345972,73.85596599174303,2017-03-25T01:49:00.000Z,13.99821976847976,12.36182766959287,"outlier",1.0,3,"[ ""You are outside the cluster"" ]"
1410947,18.35623738298123,73.85343580798258,2017-03-25T01:50:00.000Z,28.93510999748705,nan.0,1,nan.0,1,"[ ""unit_id 1410591 is left behind of your cluster 1"" ]"
1410765,18.35640927046495,73.85343752685743,2017-03-25T01:50:00.000Z,27.5584913521498,1.376618645337256,1,0.0,2,"[ ""unit_id 1410591 is left behind of your cluster 1"" ]"
1410591,18.3752773595536,73.85569956614326,2017-03-25T01:50:00.000Z,15.03866629852494,12.51982505362485,"outlier",1.0,3,"[ ""You are outside the cluster"" ]"
1410947,18.35556931362781,73.85333783211686,2017-03-25T01:51:00.000Z,29.01011212627708,nan.0,1,nan.0,1,"[ ""unit_id 1410591 is left behind of your cluster 1"" ]"
1410765,18.35528054265516,73.85326621233197,2017-03-25T01:51:00.000Z,27.68529573670827,1.324816389568806,1,0.0,2,"[ ""unit_id 1410591 is left behind of your cluster 1"" ]"
1410591,18.36610888117164,73.85384260836074,2017-03-25T01:51:00.000Z,16.07681714983254,11.60847858687574,"outlier",1.0,3,"[ ""You are outside the cluster"" ]"
1410947,18.35540086389376,73.85329772503732,2017-03-25T01:52:00.000Z,29.02931515370313,nan.0,1,nan.0,1,"[ ""unit_id 1410591 is left behind of your cluster 1"" ]"
1410765,18.34831222406488,73.85193580320792,2017-03-25T01:52:00.000Z,28.47275676023188,0.5565583934712528,1,0.0,2,"[ ""unit_id 1410591 is left behind of your cluster 1"" ]"
1410591,18.35600075121197,73.85338939836198,2017-03-25T01:52:00.000Z,17.20180710756534,11.27094965266654,"outlier",1.0,3,"[ ""You are outside the cluster"" ]"
1410765,18.33953908689549,73.85336934482221,2017-03-25T01:53:00.000Z,29.45994872586605,nan.0,1,nan.0,1,"[ ""unit_id 1410591 is left behind of your cluster 1"" ]"
1410947,18.35543753322363,73.85329600616248,2017-03-25T01:53:00.000Z,29.0333969336033,0.426551792262746,1,0.0,2,"[ ""unit_id 1410591 is left behind of your cluster 1"" ]"
1410591,18.3554489923892,73.85330288166183,2017-03-25T01:53:00.000Z,17.2638356549833,11.76956127862,"outlier",1.0,3,"[ ""You are outside the cluster"" ]"
1410765,18.33204880331297,73.85295452302816,2017-03-25T01:54:00.000Z,30.29398032367873,nan.0,1,nan.0,1,"[ ""unit_id 1412130 is left behind of your cluster 1"" ]"
1410947,18.35541747968385,73.85330116278701,2017-03-25T01:54:00.000Z,29.03569199305387,1.258288330624865,1,0.0,2,"[ ""unit_id 1412130 is left behind of your cluster 1"" ]"
1412130,18.49081726132309,73.81891106095958,2017-03-25T01:54:00.000Z,0.0370787962502209,28.99861319680365,"outlier",1.0,5,"[ ""You are outside the cluster"" ]"
1410765,18.32657877062252,73.85219764514147,2017-03-25T01:55:00.000Z,30.90744453154366,nan.0,0,nan.0,1,"[ ""cluster 1 is left behind of your cluster 0"" ]"
1410947,18.35541576080902,73.85331434082742,2017-03-25T01:55:00.000Z,29.03709497441222,1.870349557131441,1,0.0,2,"[ ""cluster 0 is move ahead of your cluster 1"" ]"
1410765,18.32220881782791,73.85680251083051,2017-03-25T01:56:00.000Z,31.5947450662862,nan.0,1,nan.0,1,"[ ""unit_id 1410591 is left behind of your cluster 1"" ]"
1410947,18.35305058903294,73.8528244614988,2017-03-25T01:56:00.000Z,29.30512373933028,2.289621326955924,1,0.0,2,"[ ""unit_id 1410591 is left behind of your cluster 1"" ]"
1410591,18.35534929764864,73.85327939037239,2017-03-25T01:56:00.000Z,17.27519498351224,12.02992875581803,"outlier",1.0,3,"[ ""You are outside the cluster"" ]"
1410765,18.31615723248419,73.86180959323146,2017-03-25T01:57:00.000Z,32.45040995805967,nan.0,1,nan.0,1,"[ ""unit_id 1410591 is left behind of your cluster 1"" ]"
1410947,18.34740580406737,73.85180746055342,2017-03-25T01:57:00.000Z,29.94190646362183,2.508503494437843,1,0.0,2,"[ ""unit_id 1410591 is left behind of your cluster 1"" ]"
1410591,18.34830764039866,73.85196616999673,2017-03-25T01:57:00.000Z,18.07036333161218,11.87154313200965,"outlier",1.0,3,"[ ""You are outside the cluster"" ]"
1410765,18.31327926304833,73.86558080462441,2017-03-25T01:58:00.000Z,32.96118570971782,nan.0,1,nan.0,1,"[ ""unit_id 1410591 is left behind of your cluster 1"", ""unit_id 1410665 is left behind of your cluster 1"" ]"
1410947,18.34071078657622,73.85352289764101,2017-03-25T01:58:00.000Z,30.70805892457573,2.253126785142083,1,0.0,2,"[ ""unit_id 1410591 is left behind of your cluster 1"", ""unit_id 1410665 is left behind of your cluster 1"" ]"
1410591,18.34104596716949,73.85353607568142,2017-03-25T01:58:00.000Z,18.89464980211495,11.81340912246079,"outlier",1.0,3,"[ ""You are outside the cluster"" ]"
1410665,18.59331090307774,73.73572955095987,2017-03-25T01:58:00.000Z,0.0,18.89464980211495,"outlier",1.0,9,"[ ""unit_id 1410591 is move ahead of your cluster outlier"", ""You are outside the cluster"" ]"
1410765,18.3132855655894,73.86551262258919,2017-03-25T01:59:00.000Z,32.96841720194318,nan.0,1,nan.0,1,"[ ""unit_id 1410591 is left behind of your cluster 1"" ]"
1410947,18.33137557733505,73.85296598219372,2017-03-25T01:59:00.000Z,31.74774987183712,1.220667330106053,1,0.0,2,"[ ""unit_id 1410591 is left behind of your cluster 1"" ]"
1410591,18.33193077390748,73.85297916023416,2017-03-25T01:59:00.000Z,19.90991615524231,11.83783371659482,"outlier",1.0,3,"[ ""You are outside the cluster"" ]"
1410765,18.31317211985014,73.86568909373916,2017-03-25T02:00:00.000Z,32.99091526570106,nan.0,1,nan.0,1,"[ ""unit_id 1410591 is left behind of your cluster 1"" ]"
1410947,18.32605737858855,73.85239588870604,2017-03-25T02:00:00.000Z,32.34216038617783,0.6487548795232314,1,0.0,2,"[ ""unit_id 1410591 is left behind of your cluster 1"" ]"
1410591,18.32626593540214,73.85226926492636,2017-03-25T02:00:00.000Z,20.5442586898663,11.79790169631153,"outlier",1.0,3,"[ ""You are outside the cluster"" ]"
1410947,18.32039425895804,73.85818448619966,2017-03-25T02:01:00.000Z,33.21959404308426,nan.0,1,nan.0,1,"[ ""unit_id 1410591 is left behind of your cluster 1"" ]"
1410765,18.31317211985014,73.86569253148883,2017-03-25T02:01:00.000Z,32.99127577424205,0.2283182688422087,1,0.0,2,"[ ""unit_id 1410591 is left behind of your cluster 1"" ]"
1410591,18.32002069016008,73.85833632014364,2017-03-25T02:01:00.000Z,21.48892039833853,11.50235537590352,"outlier",1.0,3,"[ ""You are outside the cluster"" ]"
1410947,18.31328212783972,73.86574581660878,2017-03-25T02:02:00.000Z,34.34320915145943,nan.0,"outlier",nan.0,1,"[ ""You are outside the cluster"" ]"
1410591,18.31312742910437,73.86557965870786,2017-03-25T02:02:00.000Z,22.57158026426934,11.77162888719009,"outlier",1.0,3,"[ ""unit_id 1410947 is move ahead of your cluster outlier"", ""You are outside the cluster"" ]"
1411607,18.51750565796301,73.87107432860431,2017-03-25T02:02:00.000Z,0.0,22.57158026426934,"outlier",1.0,9,"[ ""unit_id 1410947 is move ahead of your cluster outlier"", ""unit_id 1410591 is left behind of your cluster outlier"", ""You are outside the cluster"" ]"
1410947,18.31346891223871,73.86584608430762,2017-03-25T02:03:00.000Z,34.36652022517031,nan.0,1,nan.0,1,"[ ""unit_id 1410591 is left behind of your cluster 1"" ]"
1410765,18.3133841144134,73.86580253947842,2017-03-25T02:03:00.000Z,33.01755363375802,1.348966591412292,1,0.0,2,"[ ""unit_id 1410591 is left behind of your cluster 1"" ]"
1410591,18.31343396178368,73.86582259301818,2017-03-25T02:03:00.000Z,22.61423511352114,10.40331852023688,"outlier",1.0,3,"[ ""You are outside the cluster"" ]"
1410765,18.3133841144134,73.86580082060358,2017-03-25T02:04:00.000Z,33.01773388780777,,0,,2,"[]"
1410765,18.31338583328824,73.86579910172874,2017-03-25T02:05:00.000Z,33.01799569377663,,0,,2,"[]"
1410765,18.31338583328824,73.86579795581218,2017-03-25T02:06:00.000Z,33.01812315263628,nan.0,0,nan.0,2,"[ ""unit_id 1410591 is left behind of your cluster 0"" ]"
1410591,18.31344255615787,73.86581915526851,2017-03-25T02:06:00.000Z,22.61525503989068,10.40286811274559,"outlier",1.0,3,"[ ""You are outside the cluster"" ]"
1410765,18.31338583328824,73.86579623693736,2017-03-25T02:07:00.000Z,33.01830340668424,,0,,2,"[]"
1410765,18.31338583328824,73.86579451806251,2017-03-25T02:08:00.000Z,33.0184836607322,nan.0,0,nan.0,2,"[ ""unit_id 1410591 is left behind of your cluster 0"" ]"
1410591,18.3134442750327,73.86581743639368,2017-03-25T02:08:00.000Z,22.61551684581764,10.40296681491456,"outlier",1.0,3,"[ ""You are outside the cluster"" ]"
1410765,18.31338583328824,73.86579451806251,2017-03-25T02:09:00.000Z,33.0184836607322,,0,,2,"[]"
1410765,18.31338583328824,73.86579451806251,2017-03-25T02:10:00.000Z,33.0184836607322,,0,,2,"[]"
1410765,18.3133841144134,73.86579279918767,2017-03-25T02:11:00.000Z,33.01874546670106,nan.0,"outlier",nan.0,2,"[ ""You are outside the cluster"" ]"
1410591,18.31344599390754,73.86581629047711,2017-03-25T02:11:00.000Z,22.61574553030109,10.40299993639996,"outlier",1.0,3,"[ ""unit_id 1410765 is move ahead of your cluster outlier"", ""You are outside the cluster"" ]"
1410671,18.55729761044567,73.71527780518782,2017-03-25T02:11:00.000Z,0.417942179861313,22.19780335043978,"outlier",1.0,4,"[ ""unit_id 1410765 is move ahead of your cluster outlier"", ""unit_id 1410591 is left behind of your cluster outlier"", ""You are outside the cluster"" ]"
1410765,18.3133841144134,73.86579279918767,2017-03-25T02:12:00.000Z,33.01874546670106,nan.0,0,nan.0,2,"[ ""unit_id 1410670 is left behind of your cluster 0"" ]"
1410670,18.60659264894528,73.76039769670771,2017-03-25T02:12:00.000Z,0.03501695692608492,32.98372850977497,"outlier",1.0,7,"[ ""You are outside the cluster"" ]"
1410765,18.31338239553857,73.86579279918767,2017-03-25T02:13:00.000Z,33.01893533729699,nan.0,0,nan.0,2,"[ ""unit_id 1410591 is left behind of your cluster 0"" ]"
1410591,18.31344599390754,73.86581629047711,2017-03-25T02:13:00.000Z,22.61574553030109,10.40318980699589,"outlier",1.0,3,"[ ""You are outside the cluster"" ]"
1410765,18.31338239553857,73.86579279918767,2017-03-25T02:14:00.000Z,33.01893533729699,,0,,2,"[]"
1410765,18.31338067666373,73.86579108031283,2017-03-25T02:15:00.000Z,33.01919714326831,,0,,2,"[]"
1410765,18.31338067666373,73.86579108031283,2017-03-25T02:16:00.000Z,33.01919714326831,nan.0,"outlier",nan.0,2,"[ ""You are outside the cluster"" ]"
1410591,18.31344599390754,73.86581743639368,2017-03-25T02:16:00.000Z,22.61587298911645,10.40332415415186,"outlier",1.0,3,"[ ""unit_id 1410765 is move ahead of your cluster outlier"", ""You are outside the cluster"" ]"
1410656,18.49803940043099,73.85041918264318,2017-03-25T02:16:00.000Z,0.1190247430691015,22.49684824604735,"outlier",1.0,5,"[ ""unit_id 1410765 is move ahead of your cluster outlier"", ""unit_id 1410591 is left behind of your cluster outlier"", ""You are outside the cluster"" ]"
1410765,18.31338239553857,73.865789361438,2017-03-25T02:17:00.000Z,33.01945894923963,nan.0,0,nan.0,2,"[ ""unit_id 1412129 is left behind of your cluster 0"" ]"
1412129,18.49786235632276,73.85003243580481,2017-03-25T02:17:00.000Z,0.04680000395567774,32.97265894528395,"outlier",1.0,6,"[ ""You are outside the cluster"" ]"
1410765,18.3133841144134,73.86579108031283,2017-03-25T02:18:00.000Z,33.01972075520972,,0,,2,"[]"
1410765,18.31338067666373,73.86579279918767,2017-03-25T02:19:00.000Z,33.02014110612966,nan.0,0,nan.0,2,"[ ""unit_id 1410591 is left behind of your cluster 0"" ]"
1410591,18.31344885869894,73.86581915526851,2017-03-25T02:19:00.000Z,22.61623579942155,10.40390530670811,"outlier",1.0,3,"[ ""You are outside the cluster"" ]"
1410765,18.31338239553857,73.86579279918767,2017-03-25T02:20:00.000Z,33.02033097672559,,0,,2,"[]"
1410765,18.31338067666373,73.86579623693736,2017-03-25T02:21:00.000Z,33.02073842848578,nan.0,0,nan.0,2,"[ ""unit_id 1412129 is left behind of your cluster 0"" ]"
1412129,18.49786235632276,73.85003243580481,2017-03-25T02:21:00.000Z,0.04680000395567774,32.9739384245301,"outlier",1.0,6,"[ ""You are outside the cluster"" ]"
1410765,18.31338239553857,73.86579795581218,2017-03-25T02:22:00.000Z,33.0210002344571,,0,,2,"[]"
1410765,18.31338239553857,73.86579910172874,2017-03-25T02:23:00.000Z,33.02112769331928,,0,,2,"[]"
1410765,18.3133841144134,73.86579910172874,2017-03-25T02:24:00.000Z,33.02131756391521,nan.0,0,nan.0,2,"[ ""unit_id 1412130 is left behind of your cluster 0"" ]"
1412130,18.49104930942612,73.82004265356078,2017-03-25T02:24:00.000Z,0.1591678767602691,32.86214968715494,"outlier",1.0,5,"[ ""You are outside the cluster"" ]"
1410765,18.31338755216308,73.86580082060358,2017-03-25T02:25:00.000Z,33.02173791483361,,0,,2,"[]"
1410765,18.31338755216308,73.86580082060358,2017-03-25T02:26:00.000Z,33.02173791483361,,0,,2,"[]"
1410765,18.31338927103792,73.86580082060358,2017-03-25T02:27:00.000Z,33.02192778542955,,0,,2,"[]"
1410765,18.31339213582931,73.86580082060358,2017-03-25T02:28:00.000Z,33.02224265019226,nan.0,0,nan.0,2,"[ ""unit_id 1410665 is left behind of your cluster 0"" ]"
1410665,18.5931476099682,73.73529582154261,2017-03-25T02:28:00.000Z,0.04918553337137745,32.97305711682088,"outlier",1.0,7,"[ ""You are outside the cluster"" ]"
1410765,18.31339557357898,73.86580082060358,2017-03-25T02:29:00.000Z,33.02262239138413,,0,,2,"[]"
1410765,18.31339901132866,73.86580253947842,2017-03-25T02:30:00.000Z,33.02304274229741,,0,,2,"[]"
1410765,18.31339901132866,73.86580597722809,2017-03-25T02:31:00.000Z,33.0234032503659,,0,,2,"[]"
1410765,18.31339729245382,73.86580597722809,2017-03-25T02:32:00.000Z,33.02359312096183,,0,,2,"[]"
1410765,18.31339729245382,73.86580597722809,2017-03-25T02:33:00.000Z,33.02359312096183,nan.0,0,nan.0,2,"[ ""unit_id 1411607 is left behind of your cluster 0"" ]"
1411607,18.51750565796301,73.87107432860431,2017-03-25T02:33:00.000Z,0.0,33.02359312096183,"outlier",1.0,10,"[ ""You are outside the cluster"" ]"
1410947,18.31346719336387,73.86585124093214,2017-03-25T02:34:00.000Z,34.36709335191169,nan.0,1,nan.0,1,"[ ""unit_id 1411607 is left behind of your cluster 1"" ]"
1410765,18.31339901132866,73.86580769610293,2017-03-25T02:34:00.000Z,33.02385492692124,1.343238424990453,1,0.0,2,"[ ""unit_id 1411607 is left behind of your cluster 1"" ]"
1411607,18.51759446649627,73.87099755219491,2017-03-25T02:34:00.000Z,0.0127691650742336,33.01108576184701,"outlier",1.0,10,"[ ""You are outside the cluster"" ]"
1410765,18.31339901132866,73.86580769610293,2017-03-25T02:35:00.000Z,33.02385492692124,,0,,2,"[]"
1410765,18.31339729245382,73.86580769610293,2017-03-25T02:36:00.000Z,33.02404479751717,,0,,2,"[]"
1410765,18.31339729245382,73.86580769610293,2017-03-25T02:37:00.000Z,33.02404479751717,,0,,2,"[]"
1410765,18.31339729245382,73.86580769610293,2017-03-25T02:38:00.000Z,33.02404479751717,,0,,2,"[]"
1410765,18.31339901132866,73.86580769610293,2017-03-25T02:39:00.000Z,33.0242346681131,,0,,2,"[]"
1410765,18.3134007302035,73.86580769610293,2017-03-25T02:40:00.000Z,33.02442453870903,,0,,2,"[]"
1410765,18.31340588682801,73.86581457160227,2017-03-25T02:41:00.000Z,33.02534781803381,nan.0,0,nan.0,2,"[ ""unit_id 1410671 is left behind of your cluster 0"" ]"
1410671,18.55681919028263,73.71827265811261,2017-03-25T02:41:00.000Z,0.7380911688002585,32.28725664923355,"outlier",1.0,4,"[ ""You are outside the cluster"" ]"
1410765,18.31340932457768,73.86581629047711,2017-03-25T02:42:00.000Z,33.02576816894249,nan.0,0,nan.0,2,"[ ""unit_id 1410670 is left behind of your cluster 0"" ]"
1410670,18.6065892111956,73.76037248654345,2017-03-25T02:42:00.000Z,0.03770083402850329,32.98806733491399,"outlier",1.0,9,"[ ""You are outside the cluster"" ]"
1410947,18.3135073004434,73.86588619138718,2017-03-25T02:43:00.000Z,34.3728817009355,nan.0,0,nan.0,1,"[ ""cluster 1 is left behind of your cluster 0"" ]"
1410765,18.31341047049424,73.86581915526851,2017-03-25T02:43:00.000Z,33.02609585336648,1.346785847569016,1,0.0,2,"[ ""cluster 0 is move ahead of your cluster 1"" ]"
1410765,18.31341218936908,73.86581915526851,2017-03-25T02:44:00.000Z,33.02628572396242,,0,,2,"[]"
1410765,18.31341390824392,73.86581743639368,2017-03-25T02:45:00.000Z,33.02654752991115,,0,,2,"[]"
1410765,18.31341390824392,73.86581743639368,2017-03-25T02:46:00.000Z,33.02654752991115,nan.0,0,nan.0,2,"[ ""unit_id 1410656 is left behind of your cluster 0"" ]"
1410656,18.49810070696686,73.8509944327554,2017-03-25T02:46:00.000Z,0.1800666914618251,32.84648083844932,"outlier",1.0,5,"[ ""You are outside the cluster"" ]"
1410765,18.31341562711875,73.86581629047711,2017-03-25T02:47:00.000Z,33.02677621440706,,0,,2,"[]"
1410765,18.31341562711875,73.86581629047711,2017-03-25T02:48:00.000Z,33.02677621440706,nan.0,0,nan.0,2,"[ ""unit_id 1412129 is left behind of your cluster 0"" ]"
1412129,18.49776094270736,73.8498594024045,2017-03-25T02:48:00.000Z,0.06824979805401077,32.95852641635305,"outlier",1.0,7,"[ ""You are outside the cluster"" ]"
1410765,18.3134007302035,73.86585754347321,2017-03-25T02:49:00.000Z,33.03143526850005,nan.0,0,nan.0,2,"[ ""unit_id 1410591 is left behind of your cluster 0"" ]"
1410591,18.31345917194797,73.86583290626722,2017-03-25T02:49:00.000Z,22.61808503714465,10.4133502313554,"outlier",1.0,3,"[ ""You are outside the cluster"" ]"
1410947,18.3134471398241,73.86586613784741,2017-03-25T02:50:00.000Z,34.37989824812031,nan.0,1,nan.0,1,"[ ""unit_id 1410591 is left behind of your cluster 1"" ]"
1410765,18.31340244907833,73.86585926234805,2017-03-25T02:50:00.000Z,33.03169707445699,1.34820117366332,1,0.0,2,"[ ""unit_id 1410591 is left behind of your cluster 1"" ]"
1410591,18.31338927103792,73.86587759701298,2017-03-25T02:50:00.000Z,22.62717728016044,10.40451979429655,"outlier",1.0,3,"[ ""You are outside the cluster"" ]"
1410947,18.31324431259331,73.86574925435846,2017-03-25T02:51:00.000Z,34.40560601845114,nan.0,0,nan.0,1,"[ ""unit_id 1410591 is left behind of your cluster 0"" ]"
1410591,18.31317097393358,73.86571774165311,2017-03-25T02:51:00.000Z,22.65674026607733,11.74886575237381,"outlier",1.0,3,"[ ""You are outside the cluster"" ]"
1410947,18.30539421121152,73.86873608586734,2017-03-25T02:52:00.000Z,35.33369965408222,nan.0,1,nan.0,1,"[ ""unit_id 1410591 is left behind of your cluster 1"" ]"
1410765,18.31314404489446,73.86565929990866,2017-03-25T02:52:00.000Z,33.06735059355378,2.266349060528441,1,0.0,2,"[ ""unit_id 1410591 is left behind of your cluster 1"" ]"
1410591,18.30597232611512,73.86830579419974,2017-03-25T02:52:00.000Z,23.50253476265774,9.564815830896041,"outlier",1.0,3,"[ ""You are outside the cluster"" ]"
1410947,18.29986401790176,73.87382280946909,2017-03-25T02:53:00.000Z,36.15010112199445,nan.0,1,nan.0,1,"[ ""unit_id 1410591 is left behind of your cluster 1"" ]"
1410765,18.30802065196286,73.86800441814495,2017-03-25T02:53:00.000Z,33.68851055802133,2.461590563973111,1,0.0,2,"[ ""unit_id 1410591 is left behind of your cluster 1"" ]"
1410591,18.3004822398849,73.87364748423569,2017-03-25T02:53:00.000Z,24.33360487648604,9.354905681535296,"outlier",1.0,3,"[ ""You are outside the cluster"" ]"
1410947,18.28691573375266,73.87431784542223,2017-03-25T02:54:00.000Z,37.59083288731557,nan.0,1,nan.0,1,"[ ""unit_id 1410591 is left behind of your cluster 1"", ""unit_id 1412130 is left behind of your cluster 1"" ]"
1410765,18.29900056977518,73.8738829700884,2017-03-25T02:54:00.000Z,34.86796818833242,2.722864698983152,1,0.0,2,"[ ""unit_id 1410591 is left behind of your cluster 1"", ""unit_id 1412130 is left behind of your cluster 1"" ]"
1410591,18.29171425934002,73.87261787820816,2017-03-25T02:54:00.000Z,25.31460064627209,9.553367542060329,"outlier",1.0,3,"[ ""You are outside the cluster"" ]"
1412130,18.49072444208188,73.81955621198183,2017-03-25T02:54:00.000Z,0.2219080859734494,25.09269256029864,"outlier",1.0,5,"[ ""unit_id 1410591 is move ahead of your cluster outlier"", ""You are outside the cluster"" ]"
1410947,18.2720973137806,73.87944123835383,2017-03-25T02:55:00.000Z,39.32509015953762,nan.0,1,nan.0,1,"[ ""unit_id 1410591 is left behind of your cluster 1"", ""unit_id 1412130 is left behind of your cluster 1"" ]"
1410765,18.28865752692108,73.87371795810402,2017-03-25T02:55:00.000Z,36.01819401709096,3.306896142446661,1,0.0,2,"[ ""unit_id 1410591 is left behind of your cluster 1"", ""unit_id 1412130 is left behind of your cluster 1"" ]"
1410591,18.28147263010132,73.87620746182665,2017-03-25T02:55:00.000Z,26.51482365498574,9.503370362105219,"outlier",1.0,3,"[ ""You are outside the cluster"" ]"
1412130,18.49072444208188,73.81955621198183,2017-03-25T02:55:00.000Z,0.2219080859734494,26.29291556901229,"outlier",1.0,5,"[ ""unit_id 1410591 is move ahead of your cluster outlier"", ""You are outside the cluster"" ]"
1410947,18.25994257684803,73.8849679939139,2017-03-25T02:56:00.000Z,40.79724537868639,nan.0,1,nan.0,1,"[ ""unit_id 1410591 is left behind of your cluster 1"" ]"
1410765,18.27780741598999,73.87751781741093,2017-03-25T02:56:00.000Z,37.28962816302256,3.507617215663828,1,0.0,2,"[ ""unit_id 1410591 is left behind of your cluster 1"" ]"
1410591,18.27015727704761,73.88021931569683,2017-03-25T02:56:00.000Z,27.842425005172,9.447203157850563,"outlier",1.0,3,"[ ""You are outside the cluster"" ]"
1410947,18.25364404648602,73.8915277932512,2017-03-25T02:57:00.000Z,41.7823050502334,nan.0,1,nan.0,1,"[ ""unit_id 1410591 is left behind of your cluster 1"" ]"
1410765,18.26658087146954,73.88179781575572,2017-03-25T02:57:00.000Z,38.6172460036443,3.1650590465891,1,0.0,2,"[ ""unit_id 1410591 is left behind of your cluster 1"" ]"
1410591,18.25979246177891,73.8850258627001,2017-03-25T02:57:00.000Z,29.10174355583692,9.515502447807386,"outlier",1.0,3,"[ ""You are outside the cluster"" ]"
1410947,18.24766408092717,73.89622433226488,2017-03-25T02:58:00.000Z,42.61183787360412,nan.0,1,nan.0,1,"[ ""unit_id 1410591 is left behind of your cluster 1"", ""unit_id 1410665 is left behind of your cluster 1"" ]"
1410765,18.25811426697946,73.88631272699493,2017-03-25T02:58:00.000Z,39.67252082439303,2.939317049211091,1,0.0,2,"[ ""unit_id 1410591 is left behind of your cluster 1"", ""unit_id 1410665 is left behind of your cluster 1"" ]"
1410591,18.25405371165556,73.89114276528764,2017-03-25T02:58:00.000Z,30.00972054128001,9.662800283113015,"outlier",1.0,3,"[ ""You are outside the cluster"" ]"
1410665,18.59322954300211,73.7354190075726,2017-03-25T02:58:00.000Z,0.06504585965059527,29.94467468162942,"outlier",1.0,8,"[ ""unit_id 1410591 is move ahead of your cluster outlier"", ""You are outside the cluster"" ]"
1410947,18.23664208251236,73.90586779306021,2017-03-25T02:59:00.000Z,44.20533551886725,nan.0,1,nan.0,1,"[ ""unit_id 1410591 is left behind of your cluster 1"" ]"
1410765,18.25148227489902,73.89330625574948,2017-03-25T02:59:00.000Z,40.71617688536852,3.489158633498732,1,0.0,2,"[ ""unit_id 1410591 is left behind of your cluster 1"" ]"
1410591,18.24959093961975,73.89467104237026,2017-03-25T02:59:00.000Z,30.63026365895708,10.08591322641144,"outlier",1.0,3,"[ ""You are outside the cluster"" ]"
1410947,18.23089588393139,73.9140461995359,2017-03-25T03:00:00.000Z,45.27971531293814,nan.0,1,nan.0,1,"[ ""unit_id 1410591 is left behind of your cluster 1"" ]"
1410765,18.244937372477,73.89835287227169,2017-03-25T03:00:00.000Z,41.61820586221182,3.661509450726314,1,0.0,2,"[ ""unit_id 1410591 is left behind of your cluster 1"" ]"
1410591,18.24060580788709,73.90162446404527,2017-03-25T03:00:00.000Z,31.87019109001945,9.748014772192374,"outlier",1.0,3,"[ ""You are outside the cluster"" ]"
1410947,18.2209774031621,73.9229728895241,2017-03-25T03:01:00.000Z,46.7306580231082,nan.0,1,nan.0,1,"[ ""unit_id 1410591 is left behind of your cluster 1"" ]"
1410765,18.23589379899987,73.90756432252458,2017-03-25T03:01:00.000Z,43.01733687785907,3.713321145249125,1,0.0,2,"[ ""unit_id 1410591 is left behind of your cluster 1"" ]"
1410591,18.23458917299839,73.91011112207514,2017-03-25T03:01:00.000Z,32.98862129484555,10.02871558301352,"outlier",1.0,3,"[ ""You are outside the cluster"" ]"
1410947,18.21133394236676,73.93199125283694,2017-03-25T03:02:00.000Z,48.16494120333753,nan.0,1,nan.0,1,"[ ""unit_id 1410591 is left behind of your cluster 1"" ]"
1410765,18.22994591910466,73.91494631699236,2017-03-25T03:02:00.000Z,44.03970441747916,4.12523678585837,1,0.0,2,"[ ""unit_id 1410591 is left behind of your cluster 1"" ]"
1410591,18.22910710818407,73.91571293516976,2017-03-25T03:02:00.000Z,33.83809332732775,10.20161109015141,"outlier",1.0,3,"[ ""You are outside the cluster"" ]"
1410947,18.20606387211571,73.9376830203814,2017-03-25T03:03:00.000Z,49.00449299722283,nan.0,1,nan.0,1,"[ ""unit_id 1410591 is left behind of your cluster 1"" ]"
1410765,18.2211853870174,73.92284454686958,2017-03-25T03:03:00.000Z,45.32219639280369,3.682296604419136,1,0.0,2,"[ ""unit_id 1410591 is left behind of your cluster 1"" ]"
1410591,18.22109887031726,73.92294596048498,2017-03-25T03:03:00.000Z,35.01135139323553,10.31084499956816,"outlier",1.0,3,"[ ""You are outside the cluster"" ]"
1410947,18.20057550476033,73.94685780130443,2017-03-25T03:04:00.000Z,50.14976942000892,nan.0,1,nan.0,1,"[ ""unit_id 1410591 is left behind of your cluster 1"" ]"
1410765,18.21153906143068,73.93173800527758,2017-03-25T03:04:00.000Z,46.74799099089992,3.401778429108994,1,0.0,2,"[ ""unit_id 1410591 is left behind of your cluster 1"" ]"
1410591,18.21304708762124,73.93030618253815,2017-03-25T03:04:00.000Z,36.19707602578508,10.55091496511484,"outlier",1.0,3,"[ ""You are outside the cluster"" ]"
1410947,18.18696087013264,73.95238283798967,2017-03-25T03:05:00.000Z,51.77225683808101,nan.0,1,nan.0,1,"[ ""unit_id 1410591 is left behind of your cluster 1"" ]"
1410765,18.20440916860571,73.94007454823831,2017-03-25T03:05:00.000Z,47.93287109962961,3.839385738451398,1,0.0,2,"[ ""unit_id 1410591 is left behind of your cluster 1"" ]"
1410591,18.20685913820709,73.93677946517529,2017-03-25T03:05:00.000Z,37.16710107785288,10.76577002177673,"outlier",1.0,3,"[ ""You are outside the cluster"" ]"
1410947,18.17788578395016,73.95523788909438,2017-03-25T03:06:00.000Z,52.82547181501806,nan.0,1,nan.0,1,"[ ""unit_id 1410591 is left behind of your cluster 1"", ""unit_id 1411607 is left behind of your cluster 1"" ]"
1410765,18.19828882826849,73.9485491741443,2017-03-25T03:06:00.000Z,49.05737375668041,3.76809805833765,1,0.0,2,"[ ""unit_id 1410591 is left behind of your cluster 1"", ""unit_id 1411607 is left behind of your cluster 1"" ]"
1410591,18.20293723878673,73.94449606727804,2017-03-25T03:06:00.000Z,38.09152710806202,10.96584664861838,"outlier",1.0,3,"[ ""You are outside the cluster"" ]"
1411607,18.51759446649627,73.87099755219491,2017-03-25T03:06:00.000Z,0.0127691650742336,38.07875794298779,"outlier",1.0,10,"[ ""unit_id 1410591 is move ahead of your cluster outlier"", ""You are outside the cluster"" ]"
1410947,18.17217052511626,73.95319128212148,2017-03-25T03:07:00.000Z,53.49675453593743,nan.0,1,nan.0,1,"[ ""unit_id 1410591 is left behind of your cluster 1"" ]"
1410765,18.18610888117164,73.9526727548789,2017-03-25T03:07:00.000Z,50.48005023869328,3.016704297244146,1,0.0,2,"[ ""unit_id 1410591 is left behind of your cluster 1"" ]"
1410591,18.19580562708692,73.94936965039996,2017-03-25T03:07:00.000Z,39.03697690037986,11.44307333831342,"outlier",1.0,3,"[ ""You are outside the cluster"" ]"
1410947,18.16413249341894,73.9543658465936,2017-03-25T03:08:00.000Z,54.39911644068585,nan.0,1,nan.0,1,"[ ""unit_id 1410591 is left behind of your cluster 1"" ]"
1410765,18.17781874783151,73.95525794263415,2017-03-25T03:08:00.000Z,51.44147675664863,2.957639684037218,1,0.0,2,"[ ""unit_id 1410591 is left behind of your cluster 1"" ]"
1410591,18.1851291225144,73.95303257267817,2017-03-25T03:08:00.000Z,40.28561821486731,11.15585854178133,"outlier",1.0,3,"[ ""You are outside the cluster"" ]"
1410947,18.15756238083264,73.96058473575482,2017-03-25T03:09:00.000Z,55.38169086486732,nan.0,1,nan.0,1,"[ ""unit_id 1410591 is left behind of your cluster 1"" ]"
1410765,18.17218370315668,73.95317924999762,2017-03-25T03:09:00.000Z,52.10543512249107,3.27625574237625,1,0.0,2,"[ ""unit_id 1410591 is left behind of your cluster 1"" ]"
1410591,18.17727730225777,73.95531638437862,2017-03-25T03:09:00.000Z,41.19142409234107,10.91401103015,"outlier",1.0,3,"[ ""You are outside the cluster"" ]"
1410947,18.15151709802998,73.97078110128948,2017-03-25T03:10:00.000Z,56.651544808948,nan.0,1,nan.0,1,"[ ""unit_id 1410591 is left behind of your cluster 1"" ]"
1410765,18.16408379196521,73.9543658465936,2017-03-25T03:10:00.000Z,53.01478721458623,3.636757594361775,1,0.0,2,"[ ""unit_id 1410591 is left behind of your cluster 1"" ]"
1410591,18.17025569854755,73.95303772930268,2017-03-25T03:10:00.000Z,42.00846149410199,11.00632572048424,"outlier",1.0,3,"[ ""You are outside the cluster"" ]"
1410947,18.14024700868032,73.97846447181205,2017-03-25T03:11:00.000Z,58.14471993295177,nan.0,1,nan.0,1,"[ ""unit_id 1410591 is left behind of your cluster 1"", ""unit_id 1410671 is left behind of your cluster 1"" ]"
1410765,18.15685076665001,73.96173638189579,2017-03-25T03:11:00.000Z,54.13429493343726,4.010424999514512,1,0.0,2,"[ ""unit_id 1410591 is left behind of your cluster 1"", ""unit_id 1410671 is left behind of your cluster 1"" ]"
1410591,18.16270697322057,73.95505798019474,2017-03-25T03:11:00.000Z,42.87455455300496,11.25974038043231,"outlier",1.0,3,"[ ""You are outside the cluster"" ]"
1410671,18.55695784618617,73.71857919079191,2017-03-25T03:11:00.000Z,0.7738936762599176,42.10066087674504,"outlier",1.0,4,"[ ""unit_id 1410591 is move ahead of your cluster outlier"", ""You are outside the cluster"" ]"
1410947,18.13308560315,73.9816575683014,2017-03-25T03:12:00.000Z,59.00956798231378,nan.0,1,nan.0,1,"[ ""unit_id 1410591 is left behind of your cluster 1"", ""cluster 2 is left behind of your cluster 1"" ]"
1410765,18.15151537915514,73.97073927533511,2017-03-25T03:12:00.000Z,55.25538017760557,3.754187804708202,1,0.0,2,"[ ""unit_id 1410591 is left behind of your cluster 1"", ""cluster 2 is left behind of your cluster 1"" ]"
1410591,18.15701749750922,73.96135937534817,2017-03-25T03:12:00.000Z,43.79297758268359,11.46240259492198,"outlier",1.0,3,"[ ""You are outside the cluster"" ]"
1410671,18.55695784618617,73.71857919079191,2017-03-25T03:12:00.000Z,0.7738936762599176,43.01908390642367,2,1.0,4,"[ ""cluster 1 is move ahead of your cluster 2"", ""unit_id 1410591 is move ahead of your cluster 2"" ]"
1410670,18.60663733969105,73.76030946113274,2017-03-25T03:12:00.000Z,0.04623037059058101,0.7276633056693366,2,0.0,9,"[ ""cluster 1 is move ahead of your cluster 2"", ""unit_id 1410591 is move ahead of your cluster 2"" ]"
1410947,18.12982718941683,73.98342972825863,2017-03-25T03:13:00.000Z,59.41742252646023,nan.0,1,nan.0,1,"[ ""unit_id 1410591 is left behind of your cluster 1"" ]"
1410765,18.1461272794986,73.9759176722615,2017-03-25T03:13:00.000Z,56.06676526670204,3.350657259758187,1,0.0,2,"[ ""unit_id 1410591 is left behind of your cluster 1"" ]"
1410591,18.15131541671574,73.97104924576409,2017-03-25T03:13:00.000Z,44.99723571553245,11.06952955116959,"outlier",1.0,3,"[ ""You are outside the cluster"" ]"
1410947,18.1238220136937,73.98576453324591,2017-03-25T03:14:00.000Z,60.12929398412258,nan.0,1,nan.0,1,"[ ""unit_id 1410591 is left behind of your cluster 1"" ]"
1410765,18.13736732036962,73.97966424644845,2017-03-25T03:14:00.000Z,57.11820619568288,3.011087788439703,1,0.0,2,"[ ""unit_id 1410591 is left behind of your cluster 1"" ]"
1410591,18.14276401440035,73.97740106124607,2017-03-25T03:14:00.000Z,46.16111418241536,10.95709201326752,"outlier",1.0,3,"[ ""You are outside the cluster"" ]"
1410947,18.11297877826197,73.98963142867147,2017-03-25T03:15:00.000Z,61.4023790090576,nan.0,1,nan.0,1,"[ ""unit_id 1410591 is left behind of your cluster 1"" ]"
1410765,18.13077715424355,73.98289974185046,2017-03-25T03:15:00.000Z,57.92683592465612,3.47554308440148,1,0.0,2,"[ ""unit_id 1410591 is left behind of your cluster 1"" ]"
1410591,18.13495058234843,73.98072421926477,2017-03-25T03:15:00.000Z,47.09820949911652,10.8286264255396,"outlier",1.0,3,"[ ""You are outside the cluster"" ]"
1410947,18.09877858027305,73.99265951317646,2017-03-25T03:16:00.000Z,63.01347548290087,nan.0,1,nan.0,1,"[ ""unit_id 1410591 is left behind of your cluster 1"" ]"
1410765,18.12522060485296,73.98517438621845,2017-03-25T03:16:00.000Z,58.58980726093434,4.423668221966523,1,0.0,2,"[ ""unit_id 1410591 is left behind of your cluster 1"" ]"
1410591,18.13032222536996,73.98313121699522,2017-03-25T03:16:00.000Z,47.67228312138517,10.91752413954917,"outlier",1.0,3,"[ ""You are outside the cluster"" ]"
1410947,18.08640210848647,73.99857588036632,2017-03-25T03:17:00.000Z,64.52509108773903,nan.0,1,nan.0,1,"[ ""unit_id 1410591 is left behind of your cluster 1"", ""unit_id 1410656 is left behind of your cluster 1"" ]"
1410765,18.11653226550887,73.98833940775214,2017-03-25T03:17:00.000Z,59.61216930606929,4.912921781669738,1,0.0,2,"[ ""unit_id 1410591 is left behind of your cluster 1"", ""unit_id 1410656 is left behind of your cluster 1"" ]"
1410591,18.12519883243835,73.98518298059263,2017-03-25T03:17:00.000Z,48.28184393809948,11.33032536796981,"outlier",1.0,3,"[ ""You are outside the cluster"" ]"
1410656,18.50003558707533,73.8529041026996,2017-03-25T03:17:00.000Z,0.4747534717426379,47.80709046635685,"outlier",1.0,5,"[ ""unit_id 1410591 is move ahead of your cluster outlier"", ""You are outside the cluster"" ]"
1410947,18.07601552080316,74.00413930525626,2017-03-25T03:18:00.000Z,65.82112717726601,nan.0,1,nan.0,1,"[ ""unit_id 1410591 is left behind of your cluster 1"", ""unit_id 1412129 is left behind of your cluster 1"" ]"
1410765,18.10421881913298,73.9902742878606,2017-03-25T03:18:00.000Z,60.99654826584202,4.824578911423984,1,0.0,2,"[ ""unit_id 1410591 is left behind of your cluster 1"", ""unit_id 1412129 is left behind of your cluster 1"" ]"
1410591,18.11632886531979,73.98839956837143,2017-03-25T03:18:00.000Z,49.32507460744765,11.67147365839438,"outlier",1.0,3,"[ ""You are outside the cluster"" ]"
1412129,18.49785261603201,73.85008743979959,2017-03-25T03:18:00.000Z,0.0943677171371755,49.23070689031047,"outlier",1.0,7,"[ ""unit_id 1410591 is move ahead of your cluster outlier"", ""You are outside the cluster"" ]"
1410947,18.0625068834571,74.00981617588546,2017-03-25T03:19:00.000Z,67.43865915900591,nan.0,"outlier",nan.0,1,"[ ""You are outside the cluster"" ]"
1410765,18.0951907155294,73.99584630712474,2017-03-25T03:19:00.000Z,62.1604222087495,5.278236950256407,"outlier",1.0,2,"[ ""unit_id 1410947 is move ahead of your cluster outlier"", ""You are outside the cluster"" ]"
1410591,18.1058322696469,73.99021470019959,2017-03-25T03:19:00.000Z,50.50790247001648,11.65251973873303,"outlier",1.0,3,"[ ""unit_id 1410947 is move ahead of your cluster outlier"", ""unit_id 1410765 is move ahead of your cluster outlier"", ""You are outside the cluster"" ]"
1410947,18.05013556829504,74.01440442578439,2017-03-25T03:20:00.000Z,68.89730183656555,nan.0,"outlier",nan.0,1,"[ ""You are outside the cluster"" ]"
1410765,18.08620214604706,73.99863260323595,2017-03-25T03:20:00.000Z,63.20239191839946,5.69490991816609,"outlier",1.0,2,"[ ""unit_id 1410947 is move ahead of your cluster outlier"", ""You are outside the cluster"" ]"
1410591,18.09641741920493,73.99520975047668,2017-03-25T03:20:00.000Z,51.68037072402177,11.52202119437769,"outlier",1.0,3,"[ ""unit_id 1410947 is move ahead of your cluster outlier"", ""unit_id 1410765 is move ahead of your cluster outlier"", ""You are outside the cluster"" ]"
1412129,18.49785261603201,73.85008743979959,2017-03-25T03:20:00.000Z,0.0943677171371755,51.5860030068846,"outlier",1.0,7,"[ ""unit_id 1410947 is move ahead of your cluster outlier"", ""unit_id 1410765 is move ahead of your cluster outlier"", ""unit_id 1410591 is move ahead of your cluster outlier"", ""You are outside the cluster"" ]"
1410947,18.03770237363883,74.01881620453338,2017-03-25T03:21:00.000Z,70.35637552642331,nan.0,"outlier",nan.0,1,"[ ""You are outside the cluster"" ]"
1410765,18.07793034737187,74.00299911828087,2017-03-25T03:21:00.000Z,64.2314848261138,6.124890700309507,"outlier",1.0,2,"[ ""unit_id 1410947 is move ahead of your cluster outlier"", ""You are outside the cluster"" ]"
1410591,18.08652701339131,73.99849280141584,2017-03-25T03:21:00.000Z,52.83358148695802,11.39790333915577,"outlier",1.0,3,"[ ""unit_id 1410947 is move ahead of your cluster outlier"", ""unit_id 1410765 is move ahead of your cluster outlier"", ""You are outside the cluster"" ]"
1410947,18.03273539831741,74.02113955035509,2017-03-25T03:22:00.000Z,70.96084418446731,nan.0,"outlier",nan.0,1,"[ ""You are outside the cluster"" ]"
1410765,18.07021374526911,74.00730088904027,2017-03-25T03:22:00.000Z,65.20258011377055,5.758264070696754,"outlier",1.0,2,"[ ""unit_id 1410947 is move ahead of your cluster outlier"", ""You are outside the cluster"" ]"
1410591,18.07994544163942,74.00195117758841,2017-03-25T03:22:00.000Z,53.65163997136197,11.55094014240858,"outlier",1.0,3,"[ ""unit_id 1410947 is move ahead of your cluster outlier"", ""unit_id 1410765 is move ahead of your cluster outlier"", ""You are outside the cluster"" ]"
1410947,18.02358525460038,74.02277763807498,2017-03-25T03:23:00.000Z,71.99293109300289,nan.0,"outlier",nan.0,1,"[ ""You are outside the cluster"" ]"
1410765,18.05936076954663,74.01096266540192,2017-03-25T03:23:00.000Z,66.46994062317881,5.52299046982408,"outlier",1.0,2,"[ ""unit_id 1410947 is move ahead of your cluster outlier"", ""You are outside the cluster"" ]"
1410591,18.07068872768248,74.00706941389551,2017-03-25T03:23:00.000Z,54.81447146612908,11.65546915704973,"outlier",1.0,3,"[ ""unit_id 1410947 is move ahead of your cluster outlier"", ""unit_id 1410765 is move ahead of your cluster outlier"", ""You are outside the cluster"" ]"
1410947,18.02120690478388,74.02738078488917,2017-03-25T03:24:00.000Z,72.54687015416198,nan.0,1,nan.0,1,"[ ""unit_id 1410591 is left behind of your cluster 1"" ]"
1410765,18.04995737827024,74.01445599202951,2017-03-25T03:24:00.000Z,67.5788553094977,4.968014844664282,1,0.0,2,"[ ""unit_id 1410591 is left behind of your cluster 1"" ]"
1410591,18.06016405705391,74.01065957047227,2017-03-25T03:24:00.000Z,56.04476401037429,11.53409129912341,"outlier",1.0,3,"[ ""You are outside the cluster"" ]"
1410947,18.02056862926098,74.02332424027323,2017-03-25T03:25:00.000Z,72.98164170028977,nan.0,1,nan.0,1,"[ ""unit_id 1410591 is left behind of your cluster 1"", ""unit_id 1412130 is left behind of your cluster 1"" ]"
1410765,18.03926024719967,74.0181796478853,2017-03-25T03:25:00.000Z,68.83178001510234,4.149861685187432,1,0.0,2,"[ ""unit_id 1410591 is left behind of your cluster 1"", ""unit_id 1412130 is left behind of your cluster 1"" ]"
1410591,18.05110730553637,74.01417295063965,2017-03-25T03:25:00.000Z,57.11814242123203,11.71363759387031,"outlier",1.0,3,"[ ""You are outside the cluster"" ]"
1412130,18.49098227330747,73.81880105297,2017-03-25T03:25:00.000Z,0.306546415691112,56.81159600554092,"outlier",1.0,6,"[ ""unit_id 1410591 is move ahead of your cluster outlier"", ""You are outside the cluster"" ]"
1410947,18.0169269064391,74.02003603270957,2017-03-25T03:26:00.000Z,73.51537607212724,nan.0,1,nan.0,1,"[ ""unit_id 1410591 is left behind of your cluster 1"" ]"
1410765,18.0328070181023,74.02113783148023,2017-03-25T03:26:00.000Z,69.61454923261212,3.900826839515119,1,0.0,2,"[ ""unit_id 1410591 is left behind of your cluster 1"" ]"
1410591,18.04186548849468,74.0170595144497,2017-03-25T03:26:00.000Z,58.1901433821738,11.42440585043832,"outlier",1.0,3,"[ ""You are outside the cluster"" ]"
1410947,18.01568358697348,74.01513093688227,2017-03-25T03:27:00.000Z,74.05216386769735,nan.0,1,nan.0,1,"[ ""unit_id 1410591 is left behind of your cluster 1"" ]"
1410765,18.02325351175678,74.0231059431689,2017-03-25T03:27:00.000Z,70.69704169456227,3.355122173135072,1,0.0,2,"[ ""unit_id 1410591 is left behind of your cluster 1"" ]"
1410591,18.03597032076114,74.01986930185033,2017-03-25T03:27:00.000Z,58.90983193004185,11.78720976452043,"outlier",1.0,3,"[ ""You are outside the cluster"" ]"
1410947,18.01395210705407,74.01162271333943,2017-03-25T03:28:00.000Z,74.47012234820804,nan.0,1,nan.0,1,"[ ""unit_id 1410591 is left behind of your cluster 1"", ""unit_id 1410665 is left behind of your cluster 1"" ]"
1410765,18.02130545360789,74.02774747818779,2017-03-25T03:28:00.000Z,71.23351079532549,3.23661155288255,1,0.0,2,"[ ""unit_id 1410591 is left behind of your cluster 1"", ""unit_id 1410665 is left behind of your cluster 1"" ]"
1410591,18.03043382491032,74.02169589284408,2017-03-25T03:28:00.000Z,59.55504505461719,11.6784657407083,"outlier",1.0,3,"[ ""You are outside the cluster"" ]"
1410665,18.59313786967746,73.73549406510716,2017-03-25T03:28:00.000Z,0.07794876662447098,59.47709628799272,"outlier",1.0,8,"[ ""unit_id 1410591 is move ahead of your cluster outlier"", ""You are outside the cluster"" ]"
1410947,18.01341868289624,74.00643629499712,2017-03-25T03:29:00.000Z,75.02175542574322,nan.0,1,nan.0,1,"[ ""unit_id 1410591 is left behind of your cluster 1"" ]"
1410765,18.02012859730264,74.0230429177582,2017-03-25T03:29:00.000Z,71.7478960588124,3.273859366930822,1,0.0,2,"[ ""unit_id 1410591 is left behind of your cluster 1"" ]"
1410591,18.02312574206055,74.02322798328235,2017-03-25T03:29:00.000Z,60.38365680749061,11.36423925132179,"outlier",1.0,3,"[ ""You are outside the cluster"" ]"
1410947,18.00538695373999,73.99665131350686,2017-03-25T03:30:00.000Z,76.38860470034236,nan.0,1,nan.0,1,"[ ""unit_id 1410591 is left behind of your cluster 1"" ]"
1410765,18.01656365089016,74.01960287625057,2017-03-25T03:30:00.000Z,72.28590562263645,4.102699077705907,1,0.0,2,"[ ""unit_id 1410591 is left behind of your cluster 1"" ]"
1410591,18.02132378827282,74.02756413153848,2017-03-25T03:30:00.000Z,60.88402756763285,11.4018780550036,"outlier",1.0,3,"[ ""You are outside the cluster"" ]"
1410947,17.99731397158763,73.99430791414538,2017-03-25T03:31:00.000Z,77.3198586719529,nan.0,1,nan.0,1,"[ ""unit_id 1410591 is left behind of your cluster 1"" ]"
1410765,18.01533522833979,74.015426010396,2017-03-25T03:31:00.000Z,72.7482199700478,4.571638701905101,1,0.0,2,"[ ""unit_id 1410591 is left behind of your cluster 1"" ]"
1410591,18.02027699349692,74.02310938091858,2017-03-25T03:31:00.000Z,61.36924195925796,11.37897801078984,"outlier",1.0,3,"[ ""You are outside the cluster"" ]"
1410947,17.99741538520304,73.99435776151567,2017-03-25T03:32:00.000Z,77.33230662703907,nan.0,1,nan.0,1,"[ ""unit_id 1410591 is left behind of your cluster 1"" ]"
1410765,18.01328403770065,74.01099933473178,2017-03-25T03:32:00.000Z,73.26892531929501,4.063381307744066,1,0.0,2,"[ ""unit_id 1410591 is left behind of your cluster 1"" ]"
1410591,18.01665704308965,74.02108110861062,2017-03-25T03:32:00.000Z,61.82533514166686,11.44359017762815,"outlier",1.0,3,"[ ""You are outside the cluster"" ]"
1410947,17.99739533166327,73.9943594803905,2017-03-25T03:33:00.000Z,77.3345443995063,nan.0,1,nan.0,1,"[ ""unit_id 1410591 is left behind of your cluster 1"" ]"
1410765,18.01341524514657,74.0063411839228,2017-03-25T03:33:00.000Z,73.76171586666554,3.572828532840759,1,0.0,2,"[ ""unit_id 1410591 is left behind of your cluster 1"" ]"
1410591,18.01505046807508,74.01655588412237,2017-03-25T03:33:00.000Z,62.33610568897164,11.4256101776939,"outlier",1.0,3,"[ ""You are outside the cluster"" ]"
1410765,18.01012073504181,74.00080927173819,2017-03-25T03:34:00.000Z,74.4519302636313,nan.0,0,nan.0,2,"[ ""unit_id 1410591 is left behind of your cluster 0"" ]"
1410591,18.01375042573983,74.01316110631876,2017-03-25T03:34:00.000Z,62.7230964709802,11.72883379265109,"outlier",1.0,3,"[ ""You are outside the cluster"" ]"
1410765,18.00023548585271,73.99460757132535,2017-03-25T03:35:00.000Z,75.73190167151705,nan.0,0,nan.0,2,"[ ""unit_id 1410591 is left behind of your cluster 0"" ]"
1410591,18.01272712225338,74.00857629416952,2017-03-25T03:35:00.000Z,63.22108984516884,12.51081182634821,"outlier",1.0,3,"[ ""You are outside the cluster"" ]"
1410765,17.99743200099313,73.99431765443613,2017-03-25T03:36:00.000Z,76.04513906296522,nan.0,"outlier",nan.0,2,"[ ""You are outside the cluster"" ]"
1410591,18.01135030350873,74.00223078122862,2017-03-25T03:36:00.000Z,63.90934219172188,12.13579687124334,"outlier",1.0,3,"[ ""unit_id 1410765 is move ahead of your cluster outlier"", ""You are outside the cluster"" ]"
1411607,18.51774572748194,73.87172463625109,2017-03-25T03:36:00.000Z,0.09125472270507554,63.8180874690168,"outlier",1.0,8,"[ ""unit_id 1410765 is move ahead of your cluster outlier"", ""unit_id 1410591 is left behind of your cluster outlier"", ""You are outside the cluster"" ]"
1410591,18.00321887961191,73.99556956827594,2017-03-25T03:37:00.000Z,65.05552065094888,,0,,3,"[]"
1410591,17.99743085507657,73.9942993197712,2017-03-25T03:38:00.000Z,65.71298904566474,,0,,3,"[]"
1410591,17.99744747086666,73.99430619527055,2017-03-25T03:41:00.000Z,65.71497542869932,,0,,3,"[]"
1410671,18.55619237392531,73.72333760929975,2017-03-25T03:42:00.000Z,1.282667504530927,nan.0,0,nan.0,4,"[ ""cluster 1 is left behind of your cluster 0"" ]"
1410670,18.60660238923602,73.76045785732703,2017-03-25T03:42:00.000Z,0.06234460539813749,1.220322899132789,1,0.0,10,"[ ""cluster 0 is move ahead of your cluster 1"" ]"
1410591,17.9974520545329,73.99430791414538,2017-03-25T03:44:00.000Z,65.71551762594233,,0,,3,"[]"
1410947,17.99415238780363,73.99279587724688,2017-03-25T03:46:00.000Z,77.73124985743321,nan.0,1,nan.0,1,"[ ""unit_id 1410591 is left behind of your cluster 1"" ]"
1410765,17.99120738224912,73.99133597955176,2017-03-25T03:46:00.000Z,76.80573044807652,0.9255194093566956,1,0.0,2,"[ ""unit_id 1410591 is left behind of your cluster 1"" ]"
1410591,17.9963204619317,73.99405638546087,2017-03-25T03:46:00.000Z,65.84412593424035,10.96160451383616,"outlier",1.0,3,"[ ""You are outside the cluster"" ]"
1410947,17.97919874967771,73.98811595402329,2017-03-25T03:47:00.000Z,79.46612072379693,nan.0,1,nan.0,1,"[ ""unit_id 1410591 is left behind of your cluster 1"", ""unit_id 1410656 is left behind of your cluster 1"" ]"
1410765,17.98037560598296,73.98822137834664,2017-03-25T03:47:00.000Z,78.05440141681889,1.411719306978043,1,0.0,2,"[ ""unit_id 1410591 is left behind of your cluster 1"", ""unit_id 1410656 is left behind of your cluster 1"" ]"
1410591,17.98654063706595,73.9895345987223,2017-03-25T03:47:00.000Z,67.03209609476504,11.02230532205385,"outlier",1.0,3,"[ ""You are outside the cluster"" ]"
1410656,18.49859918066966,73.8503561572325,2017-03-25T03:47:00.000Z,0.7873220806969584,66.24477401406808,"outlier",1.0,5,"[ ""unit_id 1410591 is move ahead of your cluster outlier"", ""You are outside the cluster"" ]"
1410947,17.96724741293421,73.98572270729153,2017-03-25T03:48:00.000Z,80.81894176616959,nan.0,1,nan.0,1,"[ ""unit_id 1410591 is left behind of your cluster 1"", ""unit_id 1412129 is left behind of your cluster 1"" ]"
1410765,17.96740554941925,73.98572614504121,2017-03-25T03:48:00.000Z,79.52055480586887,1.298386960300718,1,0.0,2,"[ ""unit_id 1410591 is left behind of your cluster 1"", ""unit_id 1412129 is left behind of your cluster 1"" ]"
1410591,17.97427875693518,73.98717630244558,2017-03-25T03:48:00.000Z,68.41818133501263,11.10237347085624,"outlier",1.0,3,"[ ""You are outside the cluster"" ]"
1412129,18.49785605378169,73.85018942637326,2017-03-25T03:48:00.000Z,0.1051288275178055,68.31305250749483,"outlier",1.0,7,"[ ""unit_id 1410591 is move ahead of your cluster outlier"", ""You are outside the cluster"" ]"
1410947,17.96548728510086,73.98238293348273,2017-03-25T03:49:00.000Z,81.22279316487052,nan.0,1,nan.0,1,"[ ""unit_id 1410591 is left behind of your cluster 1"" ]"
1410765,17.96539904952588,73.98168621621537,2017-03-25T03:49:00.000Z,80.00260973612487,1.220183428745656,1,0.0,2,"[ ""unit_id 1410591 is left behind of your cluster 1"" ]"
1410591,17.96618572124307,73.98552446372696,2017-03-25T03:49:00.000Z,69.33488943255649,10.66772030356837,"outlier",1.0,3,"[ ""You are outside the cluster"" ]"
1410947,17.96172867879004,73.97195967646955,2017-03-25T03:50:00.000Z,82.40186490100417,nan.0,1,nan.0,1,"[ ""unit_id 1410591 is left behind of your cluster 1"", ""unit_id 1412129 is left behind of your cluster 1"" ]"
1410765,17.9618421245293,73.97223928010976,2017-03-25T03:50:00.000Z,81.07728148745733,1.324583413546847,1,0.0,2,"[ ""unit_id 1410591 is left behind of your cluster 1"", ""unit_id 1412129 is left behind of your cluster 1"" ]"
1410591,17.96601383375934,73.98548951327196,2017-03-25T03:50:00.000Z,69.35435661823651,11.72292486922082,"outlier",1.0,3,"[ ""You are outside the cluster"" ]"
1412129,18.49785605378169,73.85018942637326,2017-03-25T03:50:00.000Z,0.1051288275178055,69.24922779071871,"outlier",1.0,7,"[ ""unit_id 1410591 is move ahead of your cluster outlier"", ""You are outside the cluster"" ]"
1410947,17.95944028342336,73.96466935532645,2017-03-25T03:51:00.000Z,83.21390576518638,nan.0,1,nan.0,1,"[ ""unit_id 1410591 is left behind of your cluster 1"", ""unit_id 1412130 is left behind of your cluster 1"" ]"
1410765,17.95929704385359,73.96440292972666,2017-03-25T03:51:00.000Z,81.95316061552663,1.260745149659755,1,0.0,2,"[ ""unit_id 1410591 is left behind of your cluster 1"", ""unit_id 1412130 is left behind of your cluster 1"" ]"
1410591,17.96546379381141,73.98236459881781,2017-03-25T03:51:00.000Z,69.69049981933985,12.26266079618678,"outlier",1.0,3,"[ ""You are outside the cluster"" ]"
1412130,18.49052562555903,73.81934937404309,2017-03-25T03:51:00.000Z,0.3834995094242636,69.30700030991558,"outlier",1.0,6,"[ ""unit_id 1410591 is move ahead of your cluster outlier"", ""You are outside the cluster"" ]"
1410947,17.9556255272012,73.9571275054988,2017-03-25T03:52:00.000Z,84.11742944528929,nan.0,1,nan.0,1,"[ ""unit_id 1410591 is left behind of your cluster 1"", ""unit_id 1412130 is left behind of your cluster 1"" ]"
1410765,17.95558370124682,73.95707593925368,2017-03-25T03:52:00.000Z,82.8313237497689,1.286105695520391,1,0.0,2,"[ ""unit_id 1410591 is left behind of your cluster 1"", ""unit_id 1412130 is left behind of your cluster 1"" ]"
1410591,17.96237382981229,73.9736109422299,2017-03-25T03:52:00.000Z,70.67810571321141,12.15321803655749,"outlier",1.0,3,"[ ""You are outside the cluster"" ]"
1412130,18.49042077419396,73.8191161800235,2017-03-25T03:52:00.000Z,0.410714723516136,70.26739098969527,"outlier",1.0,6,"[ ""unit_id 1410591 is move ahead of your cluster outlier"", ""You are outside the cluster"" ]"
1410947,17.95221241473267,73.94862251280402,2017-03-25T03:53:00.000Z,85.09386416790079,nan.0,1,nan.0,1,"[ ""unit_id 1410591 is left behind of your cluster 1"", ""unit_id 1412130 is left behind of your cluster 1"" ]"
1410765,17.95212360619941,73.9484426039044,2017-03-25T03:53:00.000Z,83.82229811122278,1.271566056678012,1,0.0,2,"[ ""unit_id 1410591 is left behind of your cluster 1"", ""unit_id 1412130 is left behind of your cluster 1"" ]"
1410591,17.95952049758244,73.96487447439036,2017-03-25T03:53:00.000Z,71.65516340950754,12.16713470171524,"outlier",1.0,3,"[ ""You are outside the cluster"" ]"
1412130,18.49202391145884,73.82176954981395,2017-03-25T03:53:00.000Z,0.7424826216364324,70.91268078787111,"outlier",1.0,6,"[ ""unit_id 1410591 is move ahead of your cluster outlier"", ""You are outside the cluster"" ]"
1410947,17.94943414003737,73.93757931493289,2017-03-25T03:54:00.000Z,86.30219585623769,nan.0,1,nan.0,1,"[ ""unit_id 1410591 is left behind of your cluster 1"", ""unit_id 1412130 is left behind of your cluster 1"" ]"
1410765,17.94966045855761,73.93916469049113,2017-03-25T03:54:00.000Z,84.84123572198421,1.460960134253483,1,0.0,2,"[ ""unit_id 1410591 is left behind of your cluster 1"", ""unit_id 1412130 is left behind of your cluster 1"" ]"
1410591,17.95515742028718,73.95622967987548,2017-03-25T03:54:00.000Z,72.69032351840694,12.15091220357726,"outlier",1.0,3,"[ ""You are outside the cluster"" ]"
1412130,18.49505944442146,73.82511791799693,2017-03-25T03:54:00.000Z,1.230956056397751,71.4593674620092,"outlier",1.0,5,"[ ""unit_id 1410591 is move ahead of your cluster outlier"", ""You are outside the cluster"" ]"
1410947,17.94861538265656,73.92692458277497,2017-03-25T03:55:00.000Z,87.43295839528918,nan.0,1,nan.0,1,"[ ""unit_id 1410591 is left behind of your cluster 1"", ""unit_id 1412130 is left behind of your cluster 1"" ]"
1410765,17.9487758109747,73.928811334388,2017-03-25T03:55:00.000Z,85.94085423701628,1.492104158272895,1,0.0,2,"[ ""unit_id 1410591 is left behind of your cluster 1"", ""unit_id 1412130 is left behind of your cluster 1"" ]"
1410591,17.95176035065047,73.94705432599417,2017-03-25T03:55:00.000Z,73.73181224891258,12.20904198810371,"outlier",1.0,3,"[ ""You are outside the cluster"" ]"
1412130,18.49305237156981,73.82890116151377,2017-03-25T03:55:00.000Z,1.688089039220127,72.04372320969244,"outlier",1.0,4,"[ ""unit_id 1410591 is move ahead of your cluster outlier"", ""You are outside the cluster"" ]"
1410947,17.94853860624715,73.91780938951295,2017-03-25T03:56:00.000Z,88.39723283530418,nan.0,1,nan.0,1,"[ ""unit_id 1410591 is left behind of your cluster 1"", ""unit_id 1412130 is left behind of your cluster 1"" ]"
1410765,17.94848704000204,73.91906760589384,2017-03-25T03:56:00.000Z,86.97207923076068,1.425153604543496,1,0.0,2,"[ ""unit_id 1410591 is left behind of your cluster 1"", ""unit_id 1412130 is left behind of your cluster 1"" ]"
1410591,17.949416951289,73.93750597627316,2017-03-25T03:56:00.000Z,74.77492858103012,12.19715064973056,"outlier",1.0,3,"[ ""You are outside the cluster"" ]"
1412130,18.48867611623414,73.82798270939239,2017-03-25T03:56:00.000Z,2.184251655031258,72.59067692599886,"outlier",1.0,4,"[ ""unit_id 1410591 is move ahead of your cluster outlier"", ""You are outside the cluster"" ]"
1410947,17.94683405536687,73.91108285931645,2017-03-25T03:57:00.000Z,89.13360293362273,nan.0,1,nan.0,1,"[ ""unit_id 1410591 is left behind of your cluster 1"", ""unit_id 1412130 is left behind of your cluster 1"" ]"
1410765,17.9470769896772,73.91135616041559,2017-03-25T03:57:00.000Z,87.80275753109207,1.330845402530656,1,0.0,2,"[ ""unit_id 1410591 is left behind of your cluster 1"", ""unit_id 1412130 is left behind of your cluster 1"" ]"
1410591,17.94875862222633,73.92900270245323,2017-03-25T03:57:00.000Z,75.6774054407626,12.12535209032947,"outlier",1.0,3,"[ ""You are outside the cluster"" ]"
1412130,18.48809742837226,73.8287441709453,2017-03-25T03:57:00.000Z,2.287153316586918,73.39025212417567,"outlier",1.0,4,"[ ""unit_id 1410591 is move ahead of your cluster outlier"", ""You are outside the cluster"" ]"
1410947,17.9414522582514,73.90111281230205,2017-03-25T03:58:00.000Z,90.34624175163979,nan.0,1,nan.0,1,"[ ""unit_id 1410591 is left behind of your cluster 1"", ""cluster 2 is left behind of your cluster 1"" ]"
1410765,17.94267036755274,73.90446118048504,2017-03-25T03:58:00.000Z,88.68145203307712,1.664789718562673,1,0.0,2,"[ ""unit_id 1410591 is left behind of your cluster 1"", ""cluster 2 is left behind of your cluster 1"" ]"
1410591,17.94834036268259,73.92151471070383,2017-03-25T03:58:00.000Z,76.47087539604313,12.21057663703399,"outlier",1.0,3,"[ ""You are outside the cluster"" ]"
1412130,18.49005751864502,73.82673595217707,2017-03-25T03:58:00.000Z,2.591049548562743,73.87982584748039,2,1.0,4,"[ ""cluster 1 is move ahead of your cluster 2"", ""unit_id 1410591 is move ahead of your cluster 2"" ]"
1410665,18.59305593664355,73.73573585350094,2017-03-25T03:58:00.000Z,0.105010736896672,2.486038811666071,2,0.0,8,"[ ""cluster 1 is move ahead of your cluster 2"", ""unit_id 1410591 is move ahead of your cluster 2"" ]"
1410947,17.94007200175707,73.89487444255934,2017-03-25T03:59:00.000Z,91.02379865965817,nan.0,1,nan.0,1,"[ ""unit_id 1410591 is left behind of your cluster 1"", ""unit_id 1412130 is left behind of your cluster 1"" ]"
1410765,17.93971046508297,73.89574763097667,2017-03-25T03:59:00.000Z,89.66023540385639,1.363563255801779,1,0.0,2,"[ ""unit_id 1410591 is left behind of your cluster 1"", ""unit_id 1412130 is left behind of your cluster 1"" ]"
1410591,17.94784876447913,73.91242759239749,2017-03-25T03:59:00.000Z,77.4336977724258,12.22653763143059,"outlier",1.0,3,"[ ""You are outside the cluster"" ]"
1412130,18.49146585009501,73.82164407195083,2017-03-25T03:59:00.000Z,3.150380411828698,74.28331736059711,"outlier",1.0,4,"[ ""unit_id 1410591 is move ahead of your cluster outlier"", ""You are outside the cluster"" ]"
1410947,17.94404031079804,73.89046610156004,2017-03-25T04:00:00.000Z,91.66581578311433,nan.0,1,nan.0,1,"[ ""unit_id 1410591 is left behind of your cluster 1"", ""unit_id 1412130 is left behind of your cluster 1"" ]"
1410765,17.9428605897014,73.89172775569058,2017-03-25T04:00:00.000Z,90.21117588487176,1.454639898242561,1,0.0,2,"[ ""unit_id 1410591 is left behind of your cluster 1"", ""unit_id 1412130 is left behind of your cluster 1"" ]"
1410591,17.94366903383319,73.90710423702647,2017-03-25T04:00:00.000Z,78.16385111024022,12.04732477463155,"outlier",1.0,3,"[ ""You are outside the cluster"" ]"
1412130,18.49003746510525,73.81986618241082,2017-03-25T04:00:00.000Z,3.396099464875573,74.76775164536464,"outlier",1.0,4,"[ ""unit_id 1410591 is move ahead of your cluster outlier"", ""You are outside the cluster"" ]"
1410947,17.94768031474508,73.88782934755967,2017-03-25T04:01:00.000Z,92.15736848046654,nan.0,1,nan.0,1,"[ ""unit_id 1410591 is left behind of your cluster 1"", ""unit_id 1412130 is left behind of your cluster 1"" ]"
1410765,17.94657737005784,73.88840746246328,2017-03-25T04:01:00.000Z,90.75355546491934,1.4038130155472,1,0.0,2,"[ ""unit_id 1410591 is left behind of your cluster 1"", ""unit_id 1412130 is left behind of your cluster 1"" ]"
1410591,17.94074408181844,73.89910917720007,2017-03-25T04:01:00.000Z,79.0700062650574,11.68354919986194,"outlier",1.0,3,"[ ""You are outside the cluster"" ]"
1412130,18.4901073660153,73.81853405441194,2017-03-25T04:01:00.000Z,3.53679372978603,75.53321253527137,"outlier",1.0,4,"[ ""unit_id 1410591 is move ahead of your cluster outlier"", ""You are outside the cluster"" ]"
1410947,17.94770036828485,73.88782247206034,2017-03-25T04:02:00.000Z,92.1597147999499,nan.0,1,nan.0,1,"[ ""unit_id 1410591 is left behind of your cluster 1"", ""unit_id 1412130 is left behind of your cluster 1"" ]"
1410765,17.94776912327834,73.88770788040451,2017-03-25T04:02:00.000Z,90.90533636978836,1.254378430161537,1,0.0,2,"[ ""unit_id 1410591 is left behind of your cluster 1"", ""unit_id 1412130 is left behind of your cluster 1"" ]"
1410591,17.94213579747835,73.89257286915225,2017-03-25T04:02:00.000Z,79.77857285831873,11.12676351146963,"outlier",1.0,3,"[ ""You are outside the cluster"" ]"
1412130,18.49011080376497,73.81853290849538,2017-03-25T04:02:00.000Z,3.537194249232162,76.24137860908657,"outlier",1.0,4,"[ ""unit_id 1410591 is move ahead of your cluster outlier"", ""You are outside the cluster"" ]"
1410947,17.94781381402411,73.88769584828064,2017-03-25T04:03:00.000Z,92.1781144615134,nan.0,0,nan.0,1,"[ ""unit_id 1410591 is left behind of your cluster 0"" ]"
1410591,17.94532029959352,73.88918267501488,2017-03-25T04:03:00.000Z,80.28256405846551,11.89555040304789,"outlier",1.0,3,"[ ""You are outside the cluster"" ]"
1410591,17.95018872609093,73.88463109444581,2017-03-25T04:04:00.000Z,81.00705054989386,,0,,3,"[]"
1410591,17.94716579821046,73.87938795323387,2017-03-25T04:05:00.000Z,81.65559410709862,,0,,3,"[]"
1410591,17.94406380208748,73.87354091399578,2017-03-25T04:06:00.000Z,82.36379883604037,,0,,3,"[]"
1410591,17.94081226385365,73.86653248832597,2017-03-25T04:07:00.000Z,83.18866092429415,nan.0,0,nan.0,3,"[ ""unit_id 1411607 is left behind of your cluster 0"" ]"
1411607,18.51774572748194,73.87172463625109,2017-03-25T04:07:00.000Z,0.09125472270507554,83.09740620158908,"outlier",1.0,9,"[ ""You are outside the cluster"" ]"
1410947,17.94780235485853,73.88768954573958,2017-03-25T04:08:00.000Z,92.17955069275197,nan.0,0,nan.0,1,"[ ""unit_id 1410591 is left behind of your cluster 0"" ]"
1410591,17.94111535878329,73.86158270175294,2017-03-25T04:08:00.000Z,83.71337247436718,8.466178218384798,"outlier",1.0,3,"[ ""You are outside the cluster"" ]"
1410947,17.94983692970757,73.88525791080312,2017-03-25T04:09:00.000Z,92.52211078813789,nan.0,1,nan.0,1,"[ ""unit_id 1410591 is left behind of your cluster 1"" ]"
1410765,17.94850709354181,73.88693094897808,2017-03-25T04:09:00.000Z,91.02147530619268,1.50063548194521,1,0.0,2,"[ ""unit_id 1410591 is left behind of your cluster 1"" ]"
1410591,17.93896390044532,73.85835923847479,2017-03-25T04:09:00.000Z,84.1299254344533,6.891549871739386,"outlier",1.0,3,"[ ""You are outside the cluster"" ]"
1410947,17.94789059043351,73.88050121117014,2017-03-25T04:10:00.000Z,93.06985923388775,nan.0,1,nan.0,1,"[ ""unit_id 1410591 is left behind of your cluster 1"" ]"
1410765,17.94948570628249,73.88214789326425,2017-03-25T04:10:00.000Z,91.53901144545767,1.53084778843008,1,0.0,2,"[ ""unit_id 1410591 is left behind of your cluster 1"" ]"
1410591,17.9352052941345,73.8545725572083,2017-03-25T04:10:00.000Z,84.7088450141803,6.830166431277377,"outlier",1.0,3,"[ ""You are outside the cluster"" ]"
1410947,17.94280386683176,73.87187245948708,2017-03-25T04:11:00.000Z,94.143693396442,nan.0,1,nan.0,1,"[ ""unit_id 1410591 is left behind of your cluster 1"" ]"
1410765,17.94567897147623,73.87576284620209,2017-03-25T04:11:00.000Z,92.336123778934,1.807569617508008,1,0.0,2,"[ ""unit_id 1410591 is left behind of your cluster 1"" ]"
1410591,17.93237373431925,73.85009431529895,2017-03-25T04:11:00.000Z,85.27769084363599,7.058432935298001,"outlier",1.0,3,"[ ""You are outside the cluster"" ]"
1410947,17.94074866548468,73.86538599880953,2017-03-25T04:12:00.000Z,94.86693408120959,nan.0,1,nan.0,1,"[ ""unit_id 1410591 is left behind of your cluster 1"", ""unit_id 1410670 is left behind of your cluster 1"" ]"
1410765,17.94203209202983,73.8698608029692,2017-03-25T04:12:00.000Z,93.08061112590558,1.786322955304016,1,0.0,2,"[ ""unit_id 1410591 is left behind of your cluster 1"", ""unit_id 1410670 is left behind of your cluster 1"" ]"
1410591,17.93210730871947,73.84427420509996,2017-03-25T04:12:00.000Z,85.89413133338202,7.186479792523556,"outlier",1.0,3,"[ ""You are outside the cluster"" ]"
1410670,18.60655082299091,73.76046587874293,2017-03-25T04:12:00.000Z,0.06814035768330641,85.82599097569872,"outlier",1.0,10,"[ ""unit_id 1410591 is move ahead of your cluster outlier"", ""You are outside the cluster"" ]"
1410947,17.94069538036472,73.86068430317133,2017-03-25T04:13:00.000Z,95.36435306797712,nan.0,1,nan.0,1,"[ ""unit_id 1410591 is left behind of your cluster 1"", ""unit_id 1410671 is left behind of your cluster 1"" ]"
1410765,17.94093373100882,73.86344252432686,2017-03-25T04:13:00.000Z,93.77048300925922,1.593870058717897,1,0.0,2,"[ ""unit_id 1410591 is left behind of your cluster 1"", ""unit_id 1410671 is left behind of your cluster 1"" ]"
1410591,17.92949576488339,73.83869244554509,2017-03-25T04:13:00.000Z,86.55218686139472,7.218296147864507,"outlier",1.0,3,"[ ""You are outside the cluster"" ]"
1410671,18.55533752017291,73.71614583698064,2017-03-25T04:13:00.000Z,2.046719753213147,84.50546710818156,"outlier",1.0,5,"[ ""unit_id 1410591 is move ahead of your cluster outlier"", ""You are outside the cluster"" ]"
1410947,17.93726221435643,73.85669937834028,2017-03-25T04:14:00.000Z,95.93307801071417,nan.0,1,nan.0,1,"[ ""unit_id 1410591 is left behind of your cluster 1"" ]"
1410765,17.93981875419771,73.85933785121546,2017-03-25T04:14:00.000Z,94.22206218722425,1.711015823489916,1,0.0,2,"[ ""unit_id 1410591 is left behind of your cluster 1"" ]"
1410591,17.9307940883438,73.83269930194584,2017-03-25T04:14:00.000Z,87.20245635270351,7.019605834520746,"outlier",1.0,3,"[ ""You are outside the cluster"" ]"
1410947,17.93275876228279,73.85126429610484,2017-03-25T04:15:00.000Z,96.69555446731422,nan.0,1,nan.0,1,"[ ""unit_id 1410591 is left behind of your cluster 1"" ]"
1410765,17.93561725113717,73.85516270423577,2017-03-25T04:15:00.000Z,94.86498628964446,1.830568177669761,1,0.0,2,"[ ""unit_id 1410591 is left behind of your cluster 1"" ]"
1410591,17.93223049474948,73.83068936430278,2017-03-25T04:15:00.000Z,87.46840000730026,7.396586282344202,"outlier",1.0,3,"[ ""You are outside the cluster"" ]"
1410947,17.93286877027238,73.84609907721885,2017-03-25T04:16:00.000Z,97.24213473836917,nan.0,0,nan.0,1,"[ ""cluster 1 is left behind of your cluster 0"" ]"
1410765,17.93205746134919,73.85078415706697,2017-03-25T04:16:00.000Z,95.47429023325286,1.767844505116315,1,0.0,2,"[ ""cluster 0 is move ahead of your cluster 1"" ]"
1410947,17.9305803749057,73.8416758393043,2017-03-25T04:17:00.000Z,97.77479411346297,nan.0,1,nan.0,1,"[ ""unit_id 1410656 is left behind of your cluster 1"" ]"
1410765,17.93260864721367,73.84559086322531,2017-03-25T04:17:00.000Z,96.027113169119,1.747680944343969,1,0.0,2,"[ ""unit_id 1410656 is left behind of your cluster 1"" ]"
1410656,18.4984009371051,73.85037792964708,2017-03-25T04:17:00.000Z,0.8094848610757323,95.21762830804327,"outlier",1.0,6,"[ ""You are outside the cluster"" ]"
1410947,17.93016555311164,73.83287921084548,2017-03-25T04:18:00.000Z,98.70656999574577,nan.0,1,nan.0,1,"[ ""unit_id 1410591 is left behind of your cluster 1"", ""unit_id 1412129 is left behind of your cluster 1"" ]"
1410765,17.93020909794085,73.84093099354149,2017-03-25T04:18:00.000Z,96.58767167861426,2.11889831713151,1,0.0,2,"[ ""unit_id 1410591 is left behind of your cluster 1"", ""unit_id 1412129 is left behind of your cluster 1"" ]"
1410591,17.93223049474948,73.83069795867698,2017-03-25T04:18:00.000Z,87.46930774693918,9.118363931675077,"outlier",1.0,3,"[ ""You are outside the cluster"" ]"
1412129,18.49805945397076,73.85036131385699,2017-03-25T04:18:00.000Z,0.1341127180622602,87.33519502887692,"outlier",1.0,7,"[ ""unit_id 1410591 is move ahead of your cluster outlier"", ""You are outside the cluster"" ]"
1410947,17.9349256904943,73.83143077231593,2017-03-25T04:19:00.000Z,99.2576078144883,nan.0,1,nan.0,1,"[ ""unit_id 1410591 is left behind of your cluster 1"" ]"
1410765,17.92974901244274,73.83353123736707,2017-03-25T04:19:00.000Z,97.37219556154824,1.885412252940057,1,0.0,2,"[ ""unit_id 1410591 is left behind of your cluster 1"" ]"
1410591,17.93223908912366,73.83070426121805,2017-03-25T04:19:00.000Z,87.47047000058951,9.901725560958724,"outlier",1.0,3,"[ ""You are outside the cluster"" ]"
1410947,17.94118411377678,73.83157573076053,2017-03-25T04:20:00.000Z,99.95368167748438,nan.0,1,nan.0,1,"[ ""unit_id 1410591 is left behind of your cluster 1"" ]"
1410765,17.93269229912242,73.83069280205245,2017-03-25T04:20:00.000Z,97.81636298129055,2.13731869619383,1,0.0,2,"[ ""unit_id 1410591 is left behind of your cluster 1"" ]"
1410591,17.93717397878144,73.83207248558851,2017-03-25T04:20:00.000Z,88.03797455251363,9.778388428776921,"outlier",1.0,3,"[ ""You are outside the cluster"" ]"
1410947,17.94172212160085,73.83070426121805,2017-03-25T04:21:00.000Z,100.0635817373832,nan.0,1,nan.0,1,"[ ""unit_id 1410591 is left behind of your cluster 1"" ]"
1410765,17.93701870708782,73.832264426612,2017-03-25T04:21:00.000Z,98.32535881498058,1.738222922402613,1,0.0,2,"[ ""unit_id 1410591 is left behind of your cluster 1"" ]"
1410591,17.94150898112103,73.83116950334067,2017-03-25T04:21:00.000Z,88.52937898409974,9.795979830880839,"outlier",1.0,3,"[ ""You are outside the cluster"" ]"
1410765,17.93725877660675,73.83207076671368,2017-03-25T04:22:00.000Z,98.3590089251346,nan.0,0,nan.0,2,"[ ""unit_id 1410591 is left behind of your cluster 0"" ]"
1410591,17.94175535318103,73.83069108317764,2017-03-25T04:22:00.000Z,88.58692873804864,9.772080187085962,"outlier",1.0,3,"[ ""You are outside the cluster"" ]"
1410947,17.94305539551629,73.83117924363141,2017-03-25T04:24:00.000Z,100.2201186291553,nan.0,0,nan.0,1,"[ ""unit_id 1410591 is left behind of your cluster 0"" ]"
1410591,17.94211574393858,73.83086927320242,2017-03-25T04:24:00.000Z,88.63121444135787,11.58890418779745,"outlier",1.0,3,"[ ""You are outside the cluster"" ]"
1410947,17.94570074389084,73.83283452009971,2017-03-25T04:25:00.000Z,100.5624424299109,nan.0,0,nan.0,1,"[ ""unit_id 1410591 is left behind of your cluster 0"" ]"
1410591,17.94598206640586,73.83331924280381,2017-03-25T04:25:00.000Z,89.13320834507371,11.42923408483722,"outlier",1.0,3,"[ ""You are outside the cluster"" ]"
1410947,17.94621067675922,73.83334273409325,2017-03-25T04:26:00.000Z,100.6405795260595,nan.0,1,nan.0,1,"[ ""unit_id 1410591 is left behind of your cluster 1"" ]"
1410765,17.94141730779637,73.83128123020509,2017-03-25T04:26:00.000Z,98.82889940582047,1.811680120239075,1,0.0,2,"[ ""unit_id 1410591 is left behind of your cluster 1"" ]"
1410591,17.94620380125987,73.83331752392895,2017-03-25T04:26:00.000Z,89.15786478382019,9.671034622000278,"outlier",1.0,3,"[ ""You are outside the cluster"" ]"
1410765,17.93655403792347,73.82526574123294,2017-03-25T04:27:00.000Z,99.66400701130711,,0,,2,"[]"
1410765,17.93436877504703,73.81855754570138,2017-03-25T04:28:00.000Z,100.4141229238888,,0,,2,"[]"
1410765,17.93245222960348,73.81276436454152,2017-03-25T04:29:00.000Z,101.0629927074296,nan.0,"outlier",nan.0,1,"[ ""You are outside the cluster"" ]"
1410591,17.94620380125987,73.83331294026274,2017-03-25T04:29:00.000Z,89.15835115218896,11.90464155524063,"outlier",1.0,3,"[ ""unit_id 1410765 is move ahead of your cluster outlier"", ""You are outside the cluster"" ]"
1410665,18.5932461587922,73.73580747328582,2017-03-25T04:29:00.000Z,0.1274690253558935,89.03088212683306,"outlier",1.0,8,"[ ""unit_id 1410765 is move ahead of your cluster outlier"", ""unit_id 1410591 is left behind of your cluster outlier"", ""You are outside the cluster"" ]"
1410765,17.93403072966237,73.80667267211827,2017-03-25T04:30:00.000Z,101.7309233841641,,0,,1,"[]"
1410765,17.92849194197843,73.80305272171098,2017-03-25T04:31:00.000Z,102.4561676129821,nan.0,0,nan.0,1,"[ ""unit_id 1410591 is left behind of your cluster 0"" ]"
1410591,17.94620208238504,73.83330778363822,2017-03-25T04:31:00.000Z,89.15892535104256,13.29724226193957,"outlier",1.0,3,"[ ""You are outside the cluster"" ]"
1410765,17.9256540796221,73.80126108117229,2017-03-25T04:32:00.000Z,102.8242767342604,nan.0,0,nan.0,1,"[ ""unit_id 1412130 is left behind of your cluster 0"" ]"
1412130,18.49013601392926,73.81857759924115,2017-03-25T04:32:00.000Z,3.542677874127297,99.28159886013313,"outlier",1.0,4,"[ ""You are outside the cluster"" ]"
1410765,17.92357882473525,73.79813960446781,2017-03-25T04:33:00.000Z,103.2271552775552,,0,,1,"[]"
1410765,17.92344876320589,73.79283114601205,2017-03-25T04:34:00.000Z,103.7889680534472,nan.0,0,nan.0,1,"[ ""unit_id 1410591 is left behind of your cluster 0"" ]"
1410591,17.94620208238504,73.83330434588855,2017-03-25T04:34:00.000Z,89.15928661640093,14.6296814370463,"outlier",1.0,3,"[ ""You are outside the cluster"" ]"
1410765,17.92299899095681,73.78709239588871,2017-03-25T04:35:00.000Z,104.3981761651381,,0,,1,"[]"
1410765,17.92360059714985,73.78106086408475,2017-03-25T04:36:00.000Z,105.0398003522361,,0,,1,"[]"
1410765,17.92468864492184,73.77360782279038,2017-03-25T04:37:00.000Z,105.8375452941145,nan.0,0,nan.0,1,"[ ""unit_id 1410591 is left behind of your cluster 0"" ]"
1410591,17.9462003635102,73.83330262701371,2017-03-25T04:37:00.000Z,89.15954868320216,16.67799661091233,"outlier",1.0,3,"[ ""You are outside the cluster"" ]"
1410765,17.92671405243842,73.76661429403582,2017-03-25T04:38:00.000Z,106.6109577404498,nan.0,0,nan.0,1,"[ ""unit_id 1411607 is left behind of your cluster 0"" ]"
1411607,18.51774572748194,73.87172463625109,2017-03-25T04:38:00.000Z,0.09125472270507554,106.5197030177447,"outlier",1.0,9,"[ ""You are outside the cluster"" ]"
1410765,17.92660060669916,73.75921110011173,2017-03-25T04:39:00.000Z,107.3942917508238,nan.0,"outlier",nan.0,1,"[ ""You are outside the cluster"" ]"
1410947,17.94620208238504,73.83332439942832,2017-03-25T04:39:00.000Z,100.6427407015731,6.751551049250722,"outlier",1.0,2,"[ ""unit_id 1410765 is move ahead of your cluster outlier"", ""You are outside the cluster"" ]"
1410591,17.94619864463536,73.83330090813887,2017-03-25T04:39:00.000Z,89.15981075000461,11.48292995156847,"outlier",1.0,3,"[ ""unit_id 1410765 is move ahead of your cluster outlier"", ""unit_id 1410947 is move ahead of your cluster outlier"", ""You are outside the cluster"" ]"
1410765,17.92417527430377,73.75166581253443,2017-03-25T04:40:00.000Z,108.236886958511,nan.0,0,nan.0,1,"[ ""unit_id 1410947 is left behind of your cluster 0"" ]"
1410947,17.94545379887255,73.83272279323528,2017-03-25T04:40:00.000Z,100.7474942146981,7.489392743812914,"outlier",1.0,2,"[ ""You are outside the cluster"" ]"
1410765,17.92205360979631,73.74280615866489,2017-03-25T04:41:00.000Z,109.2034597863541,nan.0,"outlier",nan.0,1,"[ ""You are outside the cluster"" ]"
1410947,17.9425672350625,73.83113627176047,2017-03-25T04:41:00.000Z,101.1096960052102,8.093763781143849,"outlier",1.0,2,"[ ""unit_id 1410765 is move ahead of your cluster outlier"", ""You are outside the cluster"" ]"
1410591,17.94398072313701,73.83160609754934,2017-03-25T04:41:00.000Z,89.46471377997838,11.64498222523186,"outlier",1.0,3,"[ ""unit_id 1410765 is move ahead of your cluster outlier"", ""unit_id 1410947 is move ahead of your cluster outlier"", ""You are outside the cluster"" ]"
1410670,18.60644597162583,73.75986599142473,2017-03-25T04:41:00.000Z,0.1324243610320529,89.33228941894633,"outlier",1.0,8,"[ ""unit_id 1410765 is move ahead of your cluster outlier"", ""unit_id 1410947 is move ahead of your cluster outlier"", ""unit_id 1410591 is move ahead of your cluster outlier"", ""You are outside the cluster"" ]"
1410765,17.92280074739224,73.73509929685287,2017-03-25T04:42:00.000Z,110.0230601342041,nan.0,"outlier",nan.0,1,"[ ""You are outside the cluster"" ]"
1410947,17.9405452652956,73.82969585464684,2017-03-25T04:42:00.000Z,101.3813003879728,8.641759746231273,"outlier",1.0,2,"[ ""unit_id 1410765 is move ahead of your cluster outlier"", ""You are outside the cluster"" ]"
1410591,17.94105233337259,73.83016109676947,2017-03-25T04:42:00.000Z,89.82443124509776,11.55686914287507,"outlier",1.0,3,"[ ""unit_id 1410765 is move ahead of your cluster outlier"", ""unit_id 1410947 is move ahead of your cluster outlier"", ""You are outside the cluster"" ]"
1410670,18.60728592846298,73.75715589876465,2017-03-25T04:42:00.000Z,0.4329057569680611,89.3915254881297,"outlier",1.0,7,"[ ""unit_id 1410765 is move ahead of your cluster outlier"", ""unit_id 1410947 is move ahead of your cluster outlier"", ""unit_id 1410591 is move ahead of your cluster outlier"", ""You are outside the cluster"" ]"
1410765,17.92025910446621,73.72771902125993,2017-03-25T04:43:00.000Z,110.8534629687609,nan.0,"outlier",nan.0,1,"[ ""You are outside the cluster"" ]"
1410947,17.93628532049058,73.8223791774229,2017-03-25T04:43:00.000Z,102.288767132994,8.564695835766912,"outlier",1.0,2,"[ ""unit_id 1410765 is move ahead of your cluster outlier"", ""You are outside the cluster"" ]"
1410591,17.93664743012296,73.82541127263582,2017-03-25T04:43:00.000Z,90.526138774396,11.76262835859799,"outlier",1.0,3,"[ ""unit_id 1410765 is move ahead of your cluster outlier"", ""unit_id 1410947 is move ahead of your cluster outlier"", ""You are outside the cluster"" ]"
1410671,18.55316257054549,73.717029338647,2017-03-25T04:43:00.000Z,2.305876602505333,88.22026217189067,1,1.0,5,"[ ""unit_id 1410765 is move ahead of your cluster 1"", ""unit_id 1410947 is move ahead of your cluster 1"", ""unit_id 1410591 is move ahead of your cluster 1"" ]"
1410670,18.60679433025952,73.7550474122976,2017-03-25T04:43:00.000Z,0.6617288235168147,1.644147778988518,1,0.0,7,"[ ""unit_id 1410765 is move ahead of your cluster 1"", ""unit_id 1410947 is move ahead of your cluster 1"", ""unit_id 1410591 is move ahead of your cluster 1"" ]"
1410765,17.91722242558705,73.71928278355864,2017-03-25T04:44:00.000Z,111.8077629278025,nan.0,"outlier",nan.0,1,"[ ""You are outside the cluster"" ]"
1410947,17.93356033091524,73.81596949315474,2017-03-25T04:44:00.000Z,103.0314778967422,8.776285031060297,"outlier",1.0,2,"[ ""unit_id 1410765 is move ahead of your cluster outlier"", ""You are outside the cluster"" ]"
1410591,17.93454066253076,73.81877125913948,2017-03-25T04:44:00.000Z,91.26662632125054,11.76485157549165,"outlier",1.0,3,"[ ""unit_id 1410765 is move ahead of your cluster outlier"", ""unit_id 1410947 is move ahead of your cluster outlier"", ""You are outside the cluster"" ]"
1410670,18.60538256105984,73.7522278846062,2017-03-25T04:44:00.000Z,0.9977795220492121,90.26884679920133,"outlier",1.0,6,"[ ""unit_id 1410765 is move ahead of your cluster outlier"", ""unit_id 1410947 is move ahead of your cluster outlier"", ""unit_id 1410591 is move ahead of your cluster outlier"", ""You are outside the cluster"" ]"
1410765,17.92114203317428,73.71091415493429,2017-03-25T04:45:00.000Z,112.7946301094014,nan.0,"outlier",nan.0,1,"[ ""You are outside the cluster"" ]"
1410947,17.93331911547974,73.80869750667655,2017-03-25T04:45:00.000Z,103.801266988715,8.993363120686368,"outlier",1.0,2,"[ ""unit_id 1410765 is move ahead of your cluster outlier"", ""You are outside the cluster"" ]"
1410591,17.93239894448353,73.81404950996152,2017-03-25T04:45:00.000Z,91.82001621453898,11.98125077417606,"outlier",1.0,3,"[ ""unit_id 1410765 is move ahead of your cluster outlier"", ""unit_id 1410947 is move ahead of your cluster outlier"", ""You are outside the cluster"" ]"
1410670,18.60357774248072,73.74773245394849,2017-03-25T04:45:00.000Z,1.512281200668946,90.30773501387003,"outlier",1.0,6,"[ ""unit_id 1410765 is move ahead of your cluster outlier"", ""unit_id 1410947 is move ahead of your cluster outlier"", ""unit_id 1410591 is move ahead of your cluster outlier"", ""You are outside the cluster"" ]"
1410765,17.92261911961777,73.70345595701539,2017-03-25T04:46:00.000Z,113.6006154523646,nan.0,"outlier",nan.0,1,"[ ""You are outside the cluster"" ]"
1410947,17.93165696351211,73.804372817586,2017-03-25T04:46:00.000Z,104.2947100048162,9.30590544754844,"outlier",1.0,2,"[ ""unit_id 1410765 is move ahead of your cluster outlier"", ""You are outside the cluster"" ]"
1410591,17.93327213290086,73.8086058333519,2017-03-25T04:46:00.000Z,92.40404580367178,11.8906642011444,"outlier",1.0,3,"[ ""unit_id 1410765 is move ahead of your cluster outlier"", ""unit_id 1410947 is move ahead of your cluster outlier"", ""You are outside the cluster"" ]"
1410670,18.60351758186141,73.74743738043476,2017-03-25T04:46:00.000Z,1.544088858577871,90.85995694509391,"outlier",1.0,6,"[ ""unit_id 1410765 is move ahead of your cluster outlier"", ""unit_id 1410947 is move ahead of your cluster outlier"", ""unit_id 1410591 is move ahead of your cluster outlier"", ""You are outside the cluster"" ]"
